customer_id,first_name,last_name,email,phone,city,state,signup_date,plan,age,last_active_date,churned
10001,Ryan,Diaz,ryan.diaz1@gmail.com,+1-898-412-8529,Boston,MA,2025-02-05,free,42.0,2026-08-18,0
10002,Maya,Brooks,maya.brooks2@yahoo.com,+1-629-420-1441,Chicago,IL,2025-03-12,plus,36.0,2026-08-21,0
10003,Maya,Bennett,maya.bennett3@outlook.com,+1-445-842-4470,Austin,TX,2025-10-14,pro,41.0,2026-08-24,0
10004,Arjun,Walker,arjun.walker4@gmail.com,+1-547-976-1578,Houston,TX,2025-11-28,free,18.0,2026-08-25,0
10005,Grace,Foster,grace.foster5@yahoo.com,+1-944-717-5118,Chicago,IL,2025-02-20,free,38.0,2026-08-30,0
10006,Kai,Ali,kai.ali6@pulsecart-mail.com,+1-978-825-2179,Boston,MA,2025-06-27,plus,40.0,2026-08-28,0
10007,Jonah,Shah,jonah.shah7@outlook.com,+1-590-750-4689,Seattle,WA,2025-02-01,plus,40.0,2026-08-24,0
10008,Zara,Brooks,zara.brooks8@outlook.com,+1-441-976-8678,Dallas,TX,2025-09-13,plus,31.0,2025-11-30,1
10009,Amara,Ortiz,amara.ortiz9@gmail.com,+1-492-756-9065,Austin,TX,2025-02-07,free,40.0,2026-08-26,0
10010,Kai,Brooks,kai.brooks10@yahoo.com,+1-927-704-3745,Seattle,WA,2025-12-30,pro,30.0,2026-08-25,0
10011,Priya,Shah,priya.shah11@pulsecart-mail.com,+1-550-736-2657,Dallas,TX,2026-01-09,free,57.0,2026-07-08,1
10012,Chris,Morgan,chris.morgan12@pulsecart-mail.com,+1-455-372-9846,Seattle,WA,2026-02-03,free,34.0,2026-08-30,0
10013,Hannah,Ortiz,hannah.ortiz13@pulsecart-mail.com,+1-390-324-9734,Houston,TX,2026-01-09,plus,42.0,2026-08-30,0
10014,Sara,Silva,sara.silva14@pulsecart-mail.com,+1-931-902-2804,Houston,TX,2025-02-06,pro,27.0,2026-08-29,0
10015,Grace,Bennett,grace.bennett15@pulsecart-mail.com,+1-788-445-6214,Boston,MA,2025-11-10,free,29.0,2026-08-18,0
10016,Leila,Hughes,leila.hughes16@gmail.com,+1-339-908-7878,Seattle,WA,2025-05-10,free,40.0,2026-08-16,0
10017,Zara,Shah,zara.shah17@yahoo.com,+1-357-583-2106,Dallas,TX,2025-04-16,plus,53.0,2026-08-26,0
10018,Kai,Foster,kai.foster18@pulsecart-mail.com,+1-525-247-4211,Seattle,WA,2026-01-17,free,25.0,2026-08-16,0
10019,Fatima,Nguyen,fatima.nguyen19@gmail.com,+1-679-932-5655,Atlanta,GA,2026-01-16,pro,18.0,2026-07-18,1
10020,Kai,Rao,kai.rao20@outlook.com,+1-989-898-7049,Dallas,TX,2025-11-18,plus,28.0,2025-12-12,1
10021,Zara,Nguyen,zara.nguyen21@outlook.com,+1-922-357-8718,Houston,TX,2025-05-31,free,27.0,2026-08-18,0
10022,Liam,Diaz,liam.diaz22@yahoo.com,+1-442-543-5772,Chicago,IL,2025-01-29,free,43.0,2026-08-18,0
10023,Zara,Silva,zara.silva23@pulsecart-mail.com,+1-326-268-1266,Boston,MA,2025-06-29,free,20.0,2026-01-03,1
10024,Mateo,Morgan,mateo.morgan24@yahoo.com,+1-754-967-3288,Austin,TX,2025-01-31,free,32.0,2026-08-26,0
10025,Amara,Cole,amara.cole25@pulsecart-mail.com,+1-724-745-4498,Austin,TX,2025-03-01,free,41.0,2026-08-18,0
10026,Arjun,Hughes,arjun.hughes26@outlook.com,+1-810-825-9034,Austin,TX,2025-06-18,free,35.0,2026-08-28,0
10027,Sara,Chen,sara.chen27@yahoo.com,+1-331-349-7598,Chicago,IL,2025-06-18,free,37.0,2026-08-18,0
10028,Dev,Silva,dev.silva28@pulsecart-mail.com,+1-984-941-7653,Dallas,TX,2025-12-21,free,32.0,2026-08-14,0
10029,Chris,Silva,chris.silva29@yahoo.com,248-307-9847,Miami,FL,2025-02-16,plus,19.0,2026-08-27,0
10030,Ryan,Khan,ryan.khan30@yahoo.com,+1-810-218-3682,Dallas,TX,2025-09-21,free,34.0,2026-08-24,0
10031,Amara,Silva,amara.silva31@gmail.com,+1-453-428-6539,Denver,CO,2025-09-12,free,,2026-08-14,0
10032,Mia,Reyes,mia.reyes32@yahoo.com,+1-380-480-7180,Houston,TX,2025-10-12,free,35.0,2026-08-22,0
10033,Owen,Reyes,owen.reyes33@yahoo.com,+1-686-432-3694,Chicago,IL,2025-08-12,free,36.0,2026-08-16,0
10034,Mateo,Kim,mateo.kim34@yahoo.com,+1-980-972-5438,Dallas,TX,2025-06-28,free,40.0,2026-08-25,0
10035,Dev,Chen,dev.chen35@outlook.com,+1-472-343-6163,Austin,TX,2025-10-07,plus,41.0,2026-08-14,0
10036,Fatima,Diaz,fatima.diaz36@gmail.com,+1-403-922-5125,Boston,MA,2025-03-15,free,34.0,2026-08-23,0
10037,Kai,Ali,KAI.ALI37@PULSECART-MAIL.COM,+1-607-279-8481,Boston,MA,2025-11-12,free,21.0,2026-08-17,0
10038,Ethan,Hughes,ethan.hughes38@outlook.com,+1-925-488-6507,Austin,TX,2025-03-02,plus,36.0,2026-08-14,0
10039,Ava,Patel,ava.patel39@yahoo.com,+1-806-896-9565,Denver,CO,2025-10-27,plus,26.0,2026-08-14,0
10040,Hannah,Rao,hannah.rao40@pulsecart-mail.com,+1-422-585-4879,Chicago,IL,2025-02-01,free,44.0,2026-08-19,0
10041,Noah,Silva,noahsilva41 at gmail.com,+1-226-744-8852,Dallas,TX,2025-07-31,plus,18.0,2026-08-17,0
10042,Elena,Patel,elena.patel42@yahoo.com,+1-373-258-8376,Dallas,TX,2025-08-22,pro,33.0,2026-08-21,0
10043,Ethan,Kim,ethan.kim43@gmail.com,+1-292-606-6187,Houston,TX,2025-05-15,plus,29.0,2026-08-21,0
10044,Noah,Chen,noah.chen44@yahoo.com,+1-648-334-2558,Chicago,IL,2025-01-09,plus,36.0,2026-08-22,0
10045,Ethan,Ortiz,ethan.ortiz45@gmail.com,+1-424-664-3191,Dallas,TX,2025-10-12,plus,30.0,2026-08-23,0
10046,Mia,Kim,mia.kim46@outlook.com,+1-940-286-7888,Miami,FL,2025-03-18,pro,46.0,2026-08-27,0
10047,Jonah,Silva,jonah.silva47@yahoo.com,+1-765-690-5770,Chicago,IL,2025-02-07,free,32.0,2026-08-14,0
10048,Chris,Morgan,chris.morgan48@yahoo.com,+1-522-705-2376,Houston,TX,2025-06-04,plus,46.0,2026-08-15,0
10049,Priya,Nguyen,priya.nguyen49@outlook.com,+1-437-605-2052,Seattle,WA,2025-09-10,free,22.0,2026-08-25,0
10050,Imani,Hughes,imani.hughes50@gmail.com,+1-857-400-9005,Denver,CO,2025-02-04,free,43.0,2026-08-25,0
10051,Grace,Bennett,grace.bennett51@yahoo.com,+1-394-722-4009,Houston,TX,2025-01-16,free,21.0,2025-06-24,1
10052,Fatima,Kim,fatima.kim52@outlook.com,+1-944-923-2055,Houston,TX,2025-04-06,free,45.0,2025-06-14,1
10053,Owen,Ortiz,owen.ortiz53@yahoo.com,,Houston,TX,2025-11-10,pro,42.0,2026-04-16,1
10054,Mia,Nguyen,mia.nguyen54@pulsecart-mail.com,+1-762-204-9877,Atlanta,GA,2025-02-03,pro,28.0,2026-08-20,0
10055,Liam,Diaz,liam.diaz55@gmail.com,+1-475-948-9504,Dallas,TX,2025-09-27,pro,32.0,2026-08-30,0
10056,Leila,Silva,leila.silva56@yahoo.com,+1-310-439-9645,Houston,TX,2025-09-05,pro,33.0,2026-08-16,0
10057,Noah,Diaz,noah.diaz57@gmail.com,+1-755-670-3972,Denver,CO,2025-05-17,pro,33.0,2026-08-30,0
10058,Imani,Foster,imani.foster58@yahoo.com,541-292-3717,Houston,TX,2025-01-26,plus,25.0,2026-08-15,0
10059,Grace,Ali,grace.ali59@gmail.com,+1-514-372-6330,Seattle,WA,2025-09-18,free,27.0,2026-08-25,0
10060,Amara,Morgan,amara.morgan60@outlook.com,+1-478-356-4463,Dallas,TX,2025-04-03,free,28.0,2026-08-20,0
10061,Nina,Walker,nina.walker61@outlook.com,+1-740-714-7196,Houston,TX,2025-06-06,pro,30.0,2026-08-22,0
10062,Diego,Kim,diego.kim62@yahoo.com,+1-649-821-2246,Austin,TX,2025-02-27,free,,2026-08-17,0
10063,Ava,Chen,ava.chen63@pulsecart-mail.com,+1-282-406-1967,Seattle,WA,2025-07-14,free,20.0,2026-08-14,0
10064,Sara,Walker,sara.walker64@outlook.com,+1-685-662-8027,Atlanta,GA,2025-06-14,free,33.0,2026-08-17,0
10065,Noah,Nguyen,noah.nguyen65@outlook.com,+1-676-343-9667,Dallas,TX,2025-06-22,plus,21.0,2026-08-14,0
10066,Imani,Ortiz,imani.ortiz66@pulsecart-mail.com,+1-289-250-6436,Denver,CO,2025-01-13,plus,37.0,2026-08-29,0
10067,Sofia,Brooks,sofia.brooks67@gmail.com,+1-724-598-5169,Chicago,IL,2026-01-13,free,43.0,2026-08-19,0
10068,Fatima,Khan,fatima.khan68@gmail.com,+1-358-609-2165,Houston,TX,2025-06-13,free,38.0,2026-08-20,0
10069,Elena,Bennett,elena.bennett69@yahoo.com,+1-892-506-4425,Boston,MA,2025-12-14,plus,34.0,2026-08-20,0
10070,Maya,Diaz,maya.diaz70@yahoo.com,+1-631-613-1020,Dallas,TX,2025-08-06,free,38.0,2026-08-20,0
10071,Elena,Ortiz,elena.ortiz71@pulsecart-mail.com,+1-471-805-4106,Chicago,IL,2025-11-04,free,25.0,2026-08-20,0
10072,Owen,Foster,owen.foster72@yahoo.com,+1-616-772-9673,Seattle,WA,2025-01-17,free,39.0,2026-08-29,0
10073,Mateo,Rao,mateo.rao73@outlook.com,+1-574-426-3597,Dallas,TX,2025-10-07,plus,39.0,2026-08-29,0
10074,Grace,Kim,GRACE.KIM74@YAHOO.COM,+1-326-422-1173,Dallas,TX,2025-10-21,free,27.0,2026-08-24,0
10075,Marcus,Hughes,marcus.hughes75@pulsecart-mail.com,+1-925-991-9459,Atlanta,GA,2026-01-23,free,32.0,2026-08-17,0
10076,Mia,Silva,mia.silva76@pulsecart-mail.com,+1-334-238-1824,Chicago,IL,2025-12-25,pro,32.0,2026-08-26,0
10077,Imani,Chen,imani.chen77@yahoo.com,+1-614-444-5614,Denver,CO,2025-06-17,free,29.0,2026-08-26,0
10078,Mateo,Diaz,mateo.diaz78@pulsecart-mail.com,+1-510-870-7770,Boston,MA,2025-11-13,plus,38.0,2026-08-19,0
10079,Priya,Reyes,priya.reyes79@yahoo.com,+1-267-676-9319,Houston,TX,2025-09-21,pro,33.0,2026-08-28,0
10080,Diego,Patel,diego.patel80@yahoo.com,+1-874-708-4283,Austin,TX,2025-03-06,free,28.0,2026-08-17,0
10081,Leo,Nguyen,leo.nguyen81@yahoo.com,+1-527-758-6092,Seattle,WA,2025-09-19,free,39.0,2025-10-19,1
10082,Hannah,Nguyen,hannahnguyen82 at gmail.com,+1-329-862-2931,Houston,TX,2025-11-14,free,35.0,2026-04-10,1
10083,Chris,Brooks,chris.brooks83@pulsecart-mail.com,+1-571-743-2307,Houston,TX,2025-03-13,free,26.0,2025-09-27,1
10084,Imani,Reyes,imani.reyes84@gmail.com,+1-857-225-2773,Atlanta,GA,2025-08-22,pro,37.0,2025-09-28,1
10085,Anika,Reyes,anika.reyes85@yahoo.com,+1-738-216-4137,Seattle,WA,2025-04-20,pro,23.0,2026-08-14,0
10086,Diego,Hughes,diego.hughes86@gmail.com,+1-264-287-6865,Chicago,IL,2026-01-26,plus,30.0,2026-08-16,0
10087,Noah,Rao,noah.rao87@yahoo.com,760-412-4465,Dallas,TX,2025-06-23,plus,27.0,2026-08-25,0
10088,Imani,Chen,imani.chen88@outlook.com,+1-674-469-1653,Phoenix,AZ,2025-09-10,pro,32.0,2026-08-27,0
10089,Priya,Hughes,priya.hughes89@pulsecart-mail.com,+1-529-741-8254,Dallas,TX,2025-12-02,free,26.0,2026-08-18,0
10090,Zara,Morgan,zara.morgan90@gmail.com,+1-933-645-5055,Houston,TX,2025-04-05,free,37.0,2025-06-09,1
10091,Chris,Rao,chris.rao91@gmail.com,+1-756-407-8776,Houston,TX,2025-03-15,free,18.0,2026-08-17,0
10092,Leila,Rao,leila.rao92@outlook.com,+1-994-994-5501,Houston,TX,2025-07-27,plus,22.0,2026-08-23,0
10093,Mia,Ali,mia.ali93@gmail.com,+1-845-303-5732,Phoenix,AZ,2025-12-03,free,,2026-08-25,0
10094,Sara,Iyer,sara.iyer94@yahoo.com,+1-603-852-2297,Chicago,IL,2025-06-03,free,23.0,2026-08-16,0
10095,Nina,Rao,nina.rao95@yahoo.com,+1-631-348-8662,Seattle,WA,2025-08-07,free,22.0,2026-08-25,0
10096,Kai,Morgan,kai.morgan96@yahoo.com,+1-282-281-2067,Denver,CO,2025-07-26,free,25.0,2026-08-28,0
10097,Grace,Iyer,grace.iyer97@gmail.com,+1-471-224-4308,Dallas,TX,2025-10-15,plus,44.0,2026-08-27,0
10098,Diego,Ali,diego.ali98@pulsecart-mail.com,+1-884-398-9204,Denver,CO,2025-07-04,plus,26.0,2026-08-27,0
10099,Anika,Ortiz,anika.ortiz99@outlook.com,+1-416-396-3485,Austin,TX,2025-12-27,free,28.0,2026-02-06,1
10100,Dev,Khan,dev.khan100@gmail.com,+1-222-301-3736,Phoenix,AZ,2025-05-17,free,35.0,2026-08-26,0
10101,Elena,Hughes,elena.hughes101@pulsecart-mail.com,+1-525-802-9347,Phoenix,AZ,2025-02-01,plus,28.0,2026-08-29,0
10102,Amara,Cole,amara.cole102@gmail.com,+1-959-845-8634,Denver,CO,2025-03-25,plus,53.0,2025-08-07,1
10103,Diego,Walker,diego.walker103@outlook.com,+1-242-941-5690,Dallas,TX,2025-07-23,free,37.0,2026-08-22,0
10104,Leila,Walker,leila.walker104@outlook.com,+1-607-602-4474,Boston,MA,2025-10-30,free,33.0,2026-08-15,0
10105,Imani,Rao,imani.rao105@gmail.com,+1-882-809-4507,Phoenix,AZ,2025-12-31,plus,35.0,2026-08-24,0
10106,Mateo,Bennett,mateo.bennett106@outlook.com,,Houston,TX,2025-01-24,free,33.0,2026-08-22,0
10107,Anika,Diaz,anika.diaz107@gmail.com,+1-588-248-3256,Chicago,IL,2025-10-05,pro,19.0,2026-08-17,0
10108,Leila,Diaz,leila.diaz108@outlook.com,+1-543-575-2553,Houston,TX,2025-01-05,plus,26.0,2025-08-03,1
10109,Arjun,Ali,arjun.ali109@gmail.com,+1-326-704-3823,Atlanta,GA,2025-08-22,free,34.0,2026-08-19,0
10110,Anika,Diaz,anika.diaz110@outlook.com,+1-762-350-4746,Houston,TX,2025-02-14,plus,27.0,2026-08-18,0
10111,Anika,Reyes,ANIKA.REYES111@YAHOO.COM,+1-382-214-2840,Houston,TX,2025-03-31,plus,34.0,2026-08-28,0
10112,Kai,Cole,kai.cole112@yahoo.com,+1-962-812-4823,Dallas,TX,2025-06-03,free,40.0,2026-08-21,0
10113,Hannah,Patel,hannah.patel113@pulsecart-mail.com,+1-982-398-6247,Atlanta,GA,2025-02-04,free,50.0,2026-08-26,0
10114,Chris,Ali,chris.ali114@yahoo.com,+1-893-267-3865,Seattle,WA,2025-11-10,free,32.0,2026-08-14,0
10115,Anika,Khan,anika.khan115@yahoo.com,+1-944-233-8101,Dallas,TX,2025-12-18,free,33.0,2026-08-28,0
10116,Noah,Khan,noah.khan116@yahoo.com,478-340-4448,Phoenix,AZ,2025-01-04,plus,34.0,2026-08-28,0
10117,Amara,Diaz,amara.diaz117@outlook.com,+1-478-802-6287,Boston,MA,2025-09-27,plus,40.0,2026-08-17,0
10118,Owen,Patel,owen.patel118@outlook.com,+1-758-957-5369,Austin,TX,2025-06-16,free,48.0,2025-11-07,1
10119,Maya,Patel,maya.patel119@yahoo.com,+1-668-342-6829,Dallas,TX,2025-11-15,free,39.0,2026-08-22,0
10120,Priya,Hughes,priya.hughes120@gmail.com,+1-790-888-5064,Chicago,IL,2025-01-31,free,44.0,2026-08-16,0
10121,Owen,Khan,owen.khan121@yahoo.com,+1-430-627-6266,Dallas,TX,2025-02-12,free,38.0,2026-08-17,0
10122,Jonah,Iyer,jonah.iyer122@gmail.com,+1-846-623-4157,Atlanta,GA,2025-05-20,plus,24.0,2026-08-25,0
10123,Ryan,Walker,ryanwalker123 at gmail.com,+1-846-521-7751,Chicago,IL,2025-01-19,pro,33.0,2025-08-03,1
10124,Amara,Kim,amara.kim124@yahoo.com,+1-277-891-2390,Dallas,TX,2025-08-31,free,,2026-08-15,0
10125,Zara,Brooks,zara.brooks125@yahoo.com,+1-449-472-8940,Chicago,IL,2025-03-08,pro,32.0,2026-08-25,0
10126,Leo,Foster,leo.foster126@outlook.com,+1-319-613-1687,Miami,FL,2025-11-22,plus,34.0,2026-08-30,0
10127,Priya,Bennett,priya.bennett127@outlook.com,+1-291-226-9585,Dallas,TX,2025-09-15,pro,22.0,2026-08-19,0
10128,Marcus,Khan,marcus.khan128@gmail.com,+1-490-545-5951,Chicago,IL,2025-07-06,plus,32.0,2026-08-25,0
10129,Priya,Bennett,priya.bennett129@yahoo.com,+1-572-997-9406,Houston,TX,2025-08-27,plus,33.0,2026-08-27,0
10130,Priya,Rao,priya.rao130@outlook.com,+1-305-582-9194,Dallas,TX,2025-05-13,pro,30.0,2026-08-21,0
10131,Leo,Iyer,leo.iyer131@pulsecart-mail.com,+1-917-503-9778,Houston,TX,2025-09-20,plus,35.0,2026-08-14,0
10132,Elena,Shah,elena.shah132@yahoo.com,+1-924-623-9638,Seattle,WA,2025-11-20,free,44.0,2026-08-30,0
10133,Owen,Reyes,owen.reyes133@pulsecart-mail.com,+1-487-420-4106,Atlanta,GA,2025-01-28,free,41.0,2026-08-18,0
10134,Owen,Chen,owen.chen134@yahoo.com,+1-728-342-7208,Houston,TX,2026-01-29,plus,26.0,2026-08-29,0
10135,Hannah,Morgan,hannah.morgan135@gmail.com,+1-415-305-4130,Chicago,IL,2025-01-14,free,49.0,2026-08-15,0
10136,Amara,Nguyen,amara.nguyen136@pulsecart-mail.com,+1-462-298-2104,Seattle,WA,2025-04-13,plus,36.0,2026-08-20,0
10137,Anika,Shah,anika.shah137@pulsecart-mail.com,+1-563-796-5279,Houston,TX,2025-11-25,free,18.0,2026-08-25,0
10138,Marcus,Khan,marcus.khan138@pulsecart-mail.com,+1-568-723-7808,Chicago,IL,2025-07-06,plus,27.0,2025-09-28,1
10139,Leila,Diaz,leila.diaz139@yahoo.com,+1-477-400-1478,Miami,FL,2025-03-24,free,35.0,2025-08-14,1
10140,Mateo,Cole,mateo.cole140@yahoo.com,+1-425-861-1251,Phoenix,AZ,2025-10-12,plus,27.0,2026-08-25,0
10141,Fatima,Shah,fatima.shah141@outlook.com,+1-507-886-5289,Boston,MA,2026-01-26,plus,34.0,2026-08-29,0
10142,Chris,Rao,chris.rao142@outlook.com,+1-761-680-3216,Houston,TX,2025-01-12,free,30.0,2026-08-30,0
10143,Ethan,Diaz,ethan.diaz143@outlook.com,+1-213-988-3268,Chicago,IL,2026-01-03,pro,27.0,2026-08-17,0
10144,Maya,Rao,maya.rao144@yahoo.com,+1-456-548-9103,Austin,TX,2025-05-17,free,53.0,2026-08-19,0
10145,Zara,Cole,zara.cole145@gmail.com,823-374-6166,Houston,TX,2025-07-14,pro,38.0,2026-08-27,0
10146,Anika,Ali,anika.ali146@yahoo.com,+1-308-530-7380,Chicago,IL,2025-06-18,pro,41.0,2026-08-21,0
10147,Ethan,Cole,ethan.cole147@pulsecart-mail.com,+1-480-957-9905,Dallas,TX,2026-01-26,free,35.0,2026-08-23,0
10148,Nina,Chen,NINA.CHEN148@GMAIL.COM,+1-873-706-5127,Austin,TX,2025-08-06,free,46.0,2026-08-17,0
10149,Marcus,Patel,marcus.patel149@yahoo.com,+1-580-703-9465,Phoenix,AZ,2025-10-09,free,42.0,2026-08-26,0
10150,Marcus,Chen,marcus.chen150@pulsecart-mail.com,+1-370-659-3083,Dallas,TX,2025-11-10,pro,47.0,2026-08-18,0
10151,Marcus,Cole,marcus.cole151@yahoo.com,+1-569-960-7613,Phoenix,AZ,2025-01-19,free,31.0,2026-08-19,0
10152,Kai,Cole,kai.cole152@outlook.com,+1-627-926-6097,Seattle,WA,2025-04-24,free,43.0,2026-08-23,0
10153,Sara,Kim,sara.kim153@outlook.com,+1-453-205-6384,Phoenix,AZ,2025-04-15,free,27.0,2026-08-30,0
10154,Ryan,Hughes,ryan.hughes154@yahoo.com,+1-695-876-8375,Denver,CO,2025-09-07,free,38.0,2026-08-29,0
10155,Leila,Iyer,leila.iyer155@yahoo.com,+1-839-242-4933,Phoenix,AZ,2025-02-13,plus,,2026-08-22,0
10156,Leila,Ali,leila.ali156@gmail.com,+1-881-655-3763,Atlanta,GA,2025-04-23,free,34.0,2026-08-22,0
10157,Anika,Patel,anika.patel157@pulsecart-mail.com,+1-903-713-2523,Atlanta,GA,2025-03-01,free,32.0,2026-08-22,0
10158,Ava,Ortiz,ava.ortiz158@yahoo.com,+1-236-845-5670,Dallas,TX,2025-09-10,plus,37.0,2026-08-21,0
10159,Jonah,Ali,jonah.ali159@outlook.com,,Houston,TX,2025-10-25,free,33.0,2026-04-28,1
10160,Liam,Walker,liam.walker160@yahoo.com,+1-253-746-5466,Austin,TX,2025-01-23,plus,41.0,2026-08-28,0
10161,Chris,Ali,chris.ali161@outlook.com,+1-883-287-9729,Phoenix,AZ,2025-11-09,free,36.0,2026-08-25,0
10162,Ryan,Khan,ryan.khan162@gmail.com,+1-219-603-1876,Houston,TX,2025-12-09,plus,21.0,2026-08-14,0
10163,Zara,Ali,zara.ali163@yahoo.com,+1-570-883-2557,Houston,TX,2026-01-05,free,36.0,2026-08-15,0
10164,Ethan,Kim,ethankim164 at gmail.com,+1-852-303-5775,Chicago,IL,2025-02-13,pro,24.0,2026-08-16,0
10165,Liam,Foster,liam.foster165@gmail.com,+1-465-483-9424,Dallas,TX,2025-06-09,free,50.0,2026-08-18,0
10166,Leo,Diaz,leo.diaz166@pulsecart-mail.com,+1-473-925-2295,Miami,FL,2025-07-06,plus,41.0,2026-08-30,0
10167,Mia,Morgan,mia.morgan167@outlook.com,+1-496-372-2780,Houston,TX,2025-04-07,free,40.0,2026-08-25,0
10168,Amara,Ali,amara.ali168@pulsecart-mail.com,+1-740-769-4067,Chicago,IL,2025-08-05,plus,40.0,2026-08-20,0
10169,Sara,Cole,sara.cole169@gmail.com,+1-941-705-8889,Phoenix,AZ,2025-04-07,free,39.0,2026-08-21,0
10170,Sara,Bennett,sara.bennett170@gmail.com,+1-705-856-3422,Dallas,TX,2025-07-20,plus,36.0,2025-11-25,1
10171,Anika,Nguyen,anika.nguyen171@outlook.com,+1-652-707-9324,Denver,CO,2025-11-03,free,26.0,2026-08-24,0
10172,Leo,Walker,leo.walker172@outlook.com,+1-839-520-6526,Dallas,TX,2025-12-31,pro,32.0,2026-08-19,0
10173,Ryan,Reyes,ryan.reyes173@pulsecart-mail.com,+1-905-429-3878,Austin,TX,2025-12-03,plus,38.0,2026-08-24,0
10174,Elena,Morgan,elena.morgan174@pulsecart-mail.com,526-638-6120,Houston,TX,2025-06-04,free,33.0,2026-08-27,0
10175,Mateo,Ali,mateo.ali175@yahoo.com,+1-956-222-5690,Austin,TX,2025-04-21,free,49.0,2025-09-30,1
10176,Imani,Cole,imani.cole176@gmail.com,+1-488-228-5091,Chicago,IL,2025-02-15,free,40.0,2026-08-17,0
10177,Elena,Silva,elena.silva177@outlook.com,+1-929-751-5261,Dallas,TX,2025-11-04,pro,39.0,2026-08-16,0
10178,Diego,Hughes,diego.hughes178@pulsecart-mail.com,+1-455-608-1071,Dallas,TX,2026-01-30,free,21.0,2026-08-30,0
10179,Priya,Reyes,priya.reyes179@yahoo.com,+1-656-468-3097,Boston,MA,2025-01-20,plus,36.0,2026-08-15,0
10180,Kai,Iyer,kai.iyer180@yahoo.com,+1-498-476-3803,Houston,TX,2025-02-17,plus,26.0,2026-08-25,0
10181,Marcus,Chen,marcus.chen181@yahoo.com,+1-470-536-5549,Dallas,TX,2025-06-26,free,28.0,2026-08-20,0
10182,Maya,Cole,maya.cole182@yahoo.com,+1-752-554-6793,Boston,MA,2025-03-27,free,23.0,2026-08-18,0
10183,Owen,Brooks,owen.brooks183@pulsecart-mail.com,+1-280-331-4610,Dallas,TX,2025-08-27,pro,45.0,2026-08-30,0
10184,Imani,Reyes,imani.reyes184@outlook.com,+1-589-528-4256,Atlanta,GA,2025-06-27,free,43.0,2026-08-22,0
10185,Diego,Silva,DIEGO.SILVA185@PULSECART-MAIL.COM,+1-797-878-5833,Houston,TX,2025-06-29,plus,23.0,2025-10-05,1
10186,Fatima,Khan,fatima.khan186@outlook.com,+1-400-576-4991,Houston,TX,2025-03-25,free,,2026-08-17,0
10187,Elena,Shah,elena.shah187@outlook.com,+1-499-917-9913,Seattle,WA,2025-10-05,free,21.0,2026-01-29,1
10188,Hannah,Morgan,hannah.morgan188@gmail.com,+1-992-827-6708,Denver,CO,2025-07-03,pro,22.0,2026-08-17,0
10189,Grace,Chen,grace.chen189@yahoo.com,+1-768-850-7213,Houston,TX,2025-12-24,pro,20.0,2026-08-25,0
10190,Grace,Rao,grace.rao190@yahoo.com,+1-484-992-4953,Chicago,IL,2025-07-26,plus,25.0,2026-08-18,0
10191,Mia,Iyer,mia.iyer191@outlook.com,+1-416-969-7829,Houston,TX,2025-06-24,plus,21.0,2026-08-23,0
10192,Dev,Walker,dev.walker192@gmail.com,+1-834-883-8673,Dallas,TX,2025-10-06,plus,37.0,2026-08-17,0
10193,Noah,Diaz,noah.diaz193@outlook.com,+1-873-964-5708,Seattle,WA,2025-01-06,pro,32.0,2026-08-23,0
10194,Mateo,Kim,mateo.kim194@outlook.com,+1-320-817-7243,Dallas,TX,2025-04-28,free,34.0,2026-08-24,0
10195,Anika,Bennett,anika.bennett195@pulsecart-mail.com,+1-951-274-4871,Miami,FL,2025-11-23,pro,37.0,2026-08-14,0
10196,Kai,Chen,kai.chen196@yahoo.com,+1-909-446-4854,Dallas,TX,2025-07-24,pro,32.0,2026-08-16,0
10197,Liam,Walker,liam.walker197@pulsecart-mail.com,+1-845-953-4901,Phoenix,AZ,2025-07-29,plus,48.0,2026-08-22,0
10198,Ryan,Morgan,ryan.morgan198@outlook.com,+1-631-239-8862,Miami,FL,2025-11-12,free,37.0,2026-08-30,0
10199,Zara,Patel,zara.patel199@pulsecart-mail.com,+1-317-620-1369,Atlanta,GA,2025-02-22,free,46.0,2026-08-30,0
10200,Hannah,Foster,hannah.foster200@gmail.com,+1-546-331-5161,Houston,TX,2025-10-11,free,31.0,2026-08-15,0
10201,Ava,Patel,ava.patel201@gmail.com,+1-349-990-4352,Dallas,TX,2025-07-28,plus,31.0,2026-08-17,0
10202,Diego,Nguyen,diego.nguyen202@pulsecart-mail.com,+1-528-546-8309,Atlanta,GA,2025-03-09,plus,34.0,2026-08-23,0
10203,Liam,Patel,liam.patel203@outlook.com,263-728-7140,Phoenix,AZ,2025-04-02,free,38.0,2026-08-22,0
10204,Zara,Patel,zara.patel204@yahoo.com,+1-894-607-9484,Austin,TX,2025-01-07,free,44.0,2025-06-29,1
10205,Imani,Brooks,imanibrooks205 at gmail.com,+1-272-939-2587,Houston,TX,2025-11-18,free,18.0,2026-03-29,1
10206,Chris,Silva,chris.silva206@pulsecart-mail.com,+1-527-862-9909,Houston,TX,2025-03-03,free,31.0,2025-08-24,1
10207,Leila,Foster,leila.foster207@yahoo.com,+1-341-330-8670,Austin,TX,2025-10-02,free,33.0,2026-08-24,0
10208,Ethan,Diaz,ethan.diaz208@outlook.com,+1-818-734-2080,Dallas,TX,2025-10-30,plus,38.0,2026-08-24,0
10209,Arjun,Silva,arjun.silva209@pulsecart-mail.com,+1-290-939-2371,Houston,TX,2026-01-19,plus,34.0,2026-08-19,0
10210,Leo,Reyes,leo.reyes210@gmail.com,+1-246-865-9672,Houston,TX,2025-12-22,plus,40.0,2026-08-17,0
10211,Sofia,Walker,sofia.walker211@outlook.com,+1-700-846-3418,Chicago,IL,2025-12-31,plus,25.0,2026-08-19,0
10212,Priya,Silva,priya.silva212@outlook.com,,Miami,FL,2025-10-16,plus,22.0,2026-08-23,0
10213,Sara,Hughes,sara.hughes213@pulsecart-mail.com,+1-582-381-9348,Miami,FL,2025-05-27,free,41.0,2026-08-26,0
10214,Marcus,Ortiz,marcus.ortiz214@outlook.com,+1-314-300-6822,Chicago,IL,2025-10-30,free,35.0,2026-08-19,0
10215,Leila,Khan,leila.khan215@yahoo.com,+1-639-298-4953,Denver,CO,2025-03-03,free,21.0,2026-08-19,0
10216,Zara,Kim,zara.kim216@gmail.com,+1-545-367-7051,Houston,TX,2026-02-03,plus,32.0,2026-08-25,0
10217,Leila,Rao,leila.rao217@gmail.com,+1-963-232-2701,Dallas,TX,2025-09-04,free,,2026-08-14,0
10218,Owen,Iyer,owen.iyer218@gmail.com,+1-696-777-2767,Chicago,IL,2025-06-22,free,26.0,2026-08-17,0
10219,Hannah,Ortiz,hannah.ortiz219@gmail.com,+1-795-892-4983,Houston,TX,2025-02-20,pro,27.0,2026-08-18,0
10220,Leo,Silva,leo.silva220@yahoo.com,+1-382-633-8034,Dallas,TX,2025-12-17,free,39.0,2026-07-08,1
10221,Imani,Walker,imani.walker221@outlook.com,+1-446-781-1404,Phoenix,AZ,2025-04-02,free,19.0,2026-08-18,0
10222,Noah,Diaz,NOAH.DIAZ222@GMAIL.COM,+1-912-745-5254,Houston,TX,2025-10-22,pro,33.0,2026-03-06,1
10223,Elena,Rao,elena.rao223@yahoo.com,+1-476-379-4210,Dallas,TX,2025-01-07,plus,27.0,2026-08-24,0
10224,Maya,Brooks,maya.brooks224@yahoo.com,+1-248-242-7144,Seattle,WA,2026-01-09,free,30.0,2026-08-22,0
10225,Sofia,Reyes,sofia.reyes225@yahoo.com,+1-398-870-8461,Houston,TX,2026-01-20,free,34.0,2026-05-01,1
10226,Elena,Bennett,elena.bennett226@pulsecart-mail.com,+1-327-219-7354,Dallas,TX,2025-11-24,free,28.0,2026-08-14,0
10227,Ava,Nguyen,ava.nguyen227@pulsecart-mail.com,+1-758-730-7359,Boston,MA,2025-02-05,pro,34.0,2026-08-24,0
10228,Mateo,Nguyen,mateo.nguyen228@pulsecart-mail.com,+1-869-857-2746,Chicago,IL,2025-05-02,plus,40.0,2026-08-25,0
10229,Anika,Reyes,anika.reyes229@outlook.com,+1-549-387-2985,Dallas,TX,2025-06-25,free,18.0,2026-08-23,0
10230,Zara,Foster,zara.foster230@outlook.com,+1-940-391-9495,Chicago,IL,2025-05-01,free,33.0,2026-08-25,0
10231,Grace,Walker,grace.walker231@outlook.com,+1-434-302-5588,Atlanta,GA,2025-10-19,pro,33.0,2026-08-30,0
10232,Diego,Walker,diego.walker232@gmail.com,587-647-1108,Seattle,WA,2025-08-31,plus,27.0,2026-08-16,0
10233,Nina,Ali,nina.ali233@outlook.com,+1-755-205-1027,Houston,TX,2026-02-04,plus,36.0,2026-08-25,1
10234,Mia,Kim,mia.kim234@outlook.com,+1-819-875-5783,Miami,FL,2025-12-30,free,43.0,2026-08-19,0
10235,Grace,Rao,grace.rao235@outlook.com,+1-554-771-4189,Houston,TX,2026-01-08,pro,20.0,2026-08-24,0
10236,Priya,Kim,priya.kim236@yahoo.com,+1-443-851-1030,Boston,MA,2025-09-13,free,30.0,2026-08-22,0
10237,Dev,Walker,dev.walker237@outlook.com,+1-360-687-3770,Denver,CO,2026-01-09,plus,36.0,2026-08-28,0
10238,Ryan,Cole,ryan.cole238@gmail.com,+1-628-698-4801,Seattle,WA,2025-07-28,free,20.0,2026-08-19,0
10239,Arjun,Morgan,arjun.morgan239@gmail.com,+1-329-898-5887,Atlanta,GA,2025-07-21,free,26.0,2025-09-10,1
10240,Mia,Reyes,mia.reyes240@gmail.com,+1-840-449-8815,Houston,TX,2025-01-27,free,27.0,2026-08-16,0
10241,Owen,Morgan,owen.morgan241@outlook.com,+1-845-357-5199,Atlanta,GA,2025-02-03,plus,35.0,2026-08-21,0
10242,Jonah,Hughes,jonah.hughes242@pulsecart-mail.com,+1-863-555-6351,Houston,TX,2026-01-24,pro,20.0,2026-08-28,0
10243,Maya,Foster,maya.foster243@outlook.com,+1-595-574-2153,Houston,TX,2025-10-22,plus,31.0,2026-08-14,0
10244,Marcus,Hughes,marcus.hughes244@gmail.com,+1-712-890-5211,Miami,FL,2025-05-28,pro,18.0,2026-08-15,0
10245,Liam,Reyes,liam.reyes245@gmail.com,+1-447-880-2784,Houston,TX,2025-03-18,free,36.0,2025-10-13,1
10246,Grace,Reyes,gracereyes246 at gmail.com,+1-701-344-6570,Dallas,TX,2025-03-29,plus,33.0,2026-08-23,0
10247,Dev,Iyer,dev.iyer247@pulsecart-mail.com,+1-351-975-5057,Chicago,IL,2025-03-18,pro,32.0,2026-08-24,0
10248,Maya,Diaz,maya.diaz248@gmail.com,+1-511-990-4434,Phoenix,AZ,2025-05-04,free,,2025-07-18,1
10249,Sofia,Kim,sofia.kim249@gmail.com,+1-595-569-9426,Houston,TX,2026-01-13,free,38.0,2026-08-29,0
10250,Sofia,Rao,sofia.rao250@pulsecart-mail.com,+1-937-263-1492,Houston,TX,2025-09-13,pro,21.0,2026-08-29,0
10251,Ethan,Rao,ethan.rao251@outlook.com,+1-386-937-2844,Seattle,WA,2025-11-09,free,29.0,2026-08-15,0
10252,Mateo,Iyer,mateo.iyer252@outlook.com,+1-876-334-5944,Chicago,IL,2025-09-26,pro,21.0,2026-08-29,0
10253,Grace,Silva,grace.silva253@yahoo.com,+1-468-283-5515,Houston,TX,2025-04-19,free,25.0,2025-06-26,1
10254,Noah,Khan,noah.khan254@pulsecart-mail.com,+1-205-761-4345,Houston,TX,2025-07-28,pro,27.0,2026-08-27,0
10255,Chris,Patel,chris.patel255@outlook.com,+1-239-765-9578,Austin,TX,2025-10-26,free,26.0,2026-08-16,0
10256,Diego,Brooks,diego.brooks256@outlook.com,+1-314-778-5506,Chicago,IL,2025-09-28,pro,23.0,2026-08-22,0
10257,Amara,Ortiz,amara.ortiz257@gmail.com,+1-377-600-3681,Miami,FL,2025-02-11,free,22.0,2025-04-08,1
10258,Mia,Khan,mia.khan258@pulsecart-mail.com,+1-479-357-3192,Atlanta,GA,2025-06-03,plus,35.0,2026-08-15,0
10259,Leila,Cole,LEILA.COLE259@GMAIL.COM,+1-801-667-3258,Phoenix,AZ,2025-06-18,free,34.0,2026-08-30,0
10260,Zara,Kim,zara.kim260@pulsecart-mail.com,+1-861-680-9487,Seattle,WA,2025-05-04,plus,38.0,2026-08-23,0
10261,Ethan,Bennett,ethan.bennett261@yahoo.com,400-440-3605,Chicago,IL,2025-12-31,free,38.0,2026-08-22,0
10262,Priya,Shah,priya.shah262@outlook.com,+1-621-395-8827,Chicago,IL,2025-08-13,plus,45.0,2026-08-24,0
10263,Ava,Bennett,ava.bennett263@yahoo.com,+1-812-819-9573,Chicago,IL,2025-11-18,free,41.0,2026-08-24,0
10264,Maya,Morgan,maya.morgan264@pulsecart-mail.com,+1-701-281-6324,Chicago,IL,2025-04-03,plus,18.0,2026-08-19,0
10265,Sara,Ortiz,sara.ortiz265@yahoo.com,,Chicago,IL,2025-08-09,free,18.0,2025-09-16,1
10266,Jonah,Brooks,jonah.brooks266@gmail.com,+1-651-755-9524,Boston,MA,2025-05-26,free,26.0,2026-08-29,0
10267,Elena,Cole,elena.cole267@outlook.com,+1-603-801-3068,Dallas,TX,2025-09-24,free,37.0,2026-08-23,0
10268,Imani,Kim,imani.kim268@yahoo.com,+1-491-889-9481,Houston,TX,2025-11-19,pro,35.0,2026-08-15,0
10269,Maya,Diaz,maya.diaz269@outlook.com,+1-307-409-3571,Houston,TX,2025-03-27,pro,23.0,2026-08-25,0
10270,Fatima,Rao,fatima.rao270@outlook.com,+1-225-338-4490,Seattle,WA,2025-10-24,plus,32.0,2026-08-15,0
10271,Leo,Morgan,leo.morgan271@pulsecart-mail.com,+1-632-631-7537,Phoenix,AZ,2025-07-27,pro,28.0,2026-08-26,0
10272,Sofia,Patel,sofia.patel272@outlook.com,+1-927-237-8347,Chicago,IL,2025-06-19,free,40.0,2026-08-22,0
10273,Fatima,Silva,fatima.silva273@pulsecart-mail.com,+1-629-682-7546,Seattle,WA,2025-04-24,free,35.0,2026-08-24,0
10274,Ryan,Bennett,ryan.bennett274@yahoo.com,+1-981-753-7041,Dallas,TX,2025-07-26,plus,37.0,2026-08-15,0
10275,Maya,Ali,maya.ali275@pulsecart-mail.com,+1-220-738-2363,Miami,FL,2025-02-06,plus,18.0,2026-08-25,0
10276,Jonah,Morgan,jonah.morgan276@pulsecart-mail.com,+1-917-225-2953,Dallas,TX,2025-02-04,plus,23.0,2025-09-08,1
10277,Liam,Walker,liam.walker277@gmail.com,+1-428-575-7109,Houston,TX,2025-11-02,pro,47.0,2026-08-20,0
10278,Imani,Silva,imani.silva278@pulsecart-mail.com,+1-832-740-2443,Dallas,TX,2025-09-03,free,25.0,2026-08-24,0
10279,Mia,Cole,mia.cole279@yahoo.com,+1-907-679-7861,Houston,TX,2025-09-01,free,,2026-08-14,0
10280,Mia,Cole,mia.cole280@gmail.com,+1-923-815-5980,Houston,TX,2025-04-09,free,24.0,2026-08-18,0
10281,Leo,Walker,leo.walker281@outlook.com,+1-771-646-1632,Austin,TX,2025-01-01,free,33.0,2026-08-30,0
10282,Noah,Foster,noah.foster282@pulsecart-mail.com,+1-676-808-8550,Dallas,TX,2025-07-01,free,30.0,2026-08-30,0
10283,Chris,Reyes,chris.reyes283@gmail.com,+1-811-366-7460,Chicago,IL,2025-07-12,free,25.0,2025-09-09,1
10284,Zara,Khan,zara.khan284@yahoo.com,+1-329-368-3992,Dallas,TX,2025-01-07,free,41.0,2025-07-11,1
10285,Owen,Patel,owen.patel285@gmail.com,+1-911-669-7539,Dallas,TX,2025-11-06,plus,33.0,2026-08-20,0
10286,Owen,Reyes,owen.reyes286@pulsecart-mail.com,+1-245-595-3831,Chicago,IL,2025-05-18,pro,34.0,2025-09-17,1
10287,Hannah,Nguyen,hannahnguyen287 at gmail.com,+1-346-381-5529,Atlanta,GA,2025-10-08,free,33.0,2026-08-19,0
10288,Leo,Morgan,leo.morgan288@yahoo.com,+1-657-903-6800,Chicago,IL,2025-11-13,free,34.0,2025-12-03,1
10289,Mia,Ali,mia.ali289@yahoo.com,+1-508-868-8557,Houston,TX,2025-03-30,free,26.0,2026-08-24,0
10290,Grace,Nguyen,grace.nguyen290@gmail.com,225-729-3343,Chicago,IL,2025-07-16,plus,32.0,2026-08-29,0
10291,Ava,Patel,ava.patel291@gmail.com,+1-271-874-1102,Atlanta,GA,2025-02-12,free,29.0,2026-08-29,0
10292,Fatima,Morgan,fatima.morgan292@outlook.com,+1-994-326-4599,Phoenix,AZ,2025-11-06,free,41.0,2026-08-17,0
10293,Hannah,Shah,hannah.shah293@outlook.com,+1-568-521-7601,Boston,MA,2025-09-14,free,27.0,2026-08-19,0
10294,Dev,Shah,dev.shah294@outlook.com,+1-648-302-7674,Phoenix,AZ,2025-11-22,plus,37.0,2026-08-28,0
10295,Maya,Cole,maya.cole295@gmail.com,+1-553-548-6832,Atlanta,GA,2025-06-25,plus,34.0,2026-08-23,0
10296,Hannah,Ortiz,HANNAH.ORTIZ296@PULSECART-MAIL.COM,+1-226-419-4006,Dallas,TX,2025-06-27,pro,21.0,2026-08-18,0
10297,Nina,Diaz,nina.diaz297@outlook.com,+1-534-697-4595,Chicago,IL,2025-12-08,plus,18.0,2026-08-22,0
10298,Sofia,Khan,sofia.khan298@outlook.com,+1-930-218-3930,Houston,TX,2025-04-24,pro,35.0,2026-08-14,0
10299,Elena,Cole,elena.cole299@yahoo.com,+1-700-246-4711,Dallas,TX,2026-02-04,pro,33.0,2026-08-19,0
10300,Arjun,Brooks,arjun.brooks300@pulsecart-mail.com,+1-699-840-3843,Phoenix,AZ,2025-03-31,free,42.0,2026-08-21,0
10301,Grace,Kim,grace.kim301@pulsecart-mail.com,+1-522-624-9658,Austin,TX,2025-10-25,free,21.0,2026-08-27,0
10302,Jonah,Foster,jonah.foster302@gmail.com,+1-697-760-5026,Houston,TX,2025-10-09,free,31.0,2026-08-22,0
10303,Jonah,Morgan,jonah.morgan303@pulsecart-mail.com,+1-768-241-5917,Austin,TX,2025-05-11,free,40.0,2026-08-15,0
10304,Fatima,Kim,fatima.kim304@pulsecart-mail.com,+1-450-623-6041,Houston,TX,2025-10-13,plus,38.0,2026-08-26,0
10305,Priya,Ali,priya.ali305@yahoo.com,+1-554-781-9211,Houston,TX,2025-01-18,pro,38.0,2026-08-20,0
10306,Sara,Silva,sara.silva306@yahoo.com,+1-961-522-5094,Phoenix,AZ,2025-05-18,plus,30.0,2026-08-30,0
10307,Nina,Morgan,nina.morgan307@outlook.com,+1-757-606-9032,Phoenix,AZ,2025-02-08,plus,33.0,2026-08-17,0
10308,Owen,Rao,owen.rao308@yahoo.com,+1-383-630-6394,Austin,TX,2025-08-18,free,35.0,2026-08-19,0
10309,Kai,Foster,kai.foster309@outlook.com,+1-880-312-1842,Houston,TX,2025-11-29,free,39.0,2026-08-20,0
10310,Owen,Iyer,owen.iyer310@outlook.com,+1-439-625-7656,Dallas,TX,2026-02-02,free,,2026-04-10,1
10311,Mateo,Bennett,mateo.bennett311@pulsecart-mail.com,+1-255-323-5578,Chicago,IL,2026-01-11,plus,26.0,2026-08-17,0
10312,Leo,Bennett,leo.bennett312@yahoo.com,+1-779-842-5250,Austin,TX,2025-12-07,free,49.0,2026-08-18,0
10313,Sofia,Cole,sofia.cole313@pulsecart-mail.com,+1-894-746-4947,Dallas,TX,2025-05-29,free,30.0,2026-08-24,0
10314,Chris,Bennett,chris.bennett314@pulsecart-mail.com,+1-607-275-4376,Houston,TX,2025-05-04,free,30.0,2026-08-14,0
10315,Anika,Nguyen,anika.nguyen315@gmail.com,+1-233-267-8209,Houston,TX,2025-09-24,free,18.0,2026-08-28,0
10316,Noah,Walker,noah.walker316@yahoo.com,+1-483-848-5012,Phoenix,AZ,2025-08-22,plus,37.0,2026-08-15,0
10317,Zara,Bennett,zara.bennett317@pulsecart-mail.com,+1-252-765-4968,Chicago,IL,2025-10-12,plus,36.0,2026-08-18,0
10318,Liam,Ortiz,liam.ortiz318@outlook.com,,Seattle,WA,2025-01-18,pro,37.0,2026-08-30,0
10319,Ryan,Shah,ryan.shah319@pulsecart-mail.com,347-503-8324,Boston,MA,2025-08-20,free,41.0,2026-08-15,0
10320,Sara,Iyer,sara.iyer320@yahoo.com,+1-968-752-9189,Seattle,WA,2025-05-02,free,42.0,2025-10-10,1
10321,Priya,Shah,priya.shah321@yahoo.com,+1-995-822-1877,Boston,MA,2025-11-13,free,48.0,2026-05-06,1
10322,Priya,Patel,priya.patel322@outlook.com,+1-522-316-1695,Houston,TX,2025-12-26,free,36.0,2026-05-21,1
10323,Priya,Kim,priya.kim323@gmail.com,+1-250-284-1130,Dallas,TX,2025-03-29,free,30.0,2026-08-30,0
10324,Zara,Ali,zara.ali324@gmail.com,+1-793-359-1543,Denver,CO,2025-07-12,free,31.0,2026-08-29,0
10325,Leo,Rao,leo.rao325@yahoo.com,+1-622-886-2430,Atlanta,GA,2025-08-04,plus,18.0,2026-08-24,0
10326,Priya,Reyes,priya.reyes326@yahoo.com,+1-322-661-8077,Houston,TX,2026-01-10,pro,30.0,2026-08-30,0
10327,Zara,Kim,zara.kim327@outlook.com,+1-839-319-6510,Austin,TX,2025-11-25,free,40.0,2026-08-23,0
10328,Noah,Foster,noahfoster328 at gmail.com,+1-496-524-7676,Boston,MA,2025-12-08,plus,43.0,2026-08-15,0
10329,Ryan,Foster,ryan.foster329@gmail.com,+1-220-472-7504,Denver,CO,2025-07-31,free,38.0,2026-08-29,0
10330,Mia,Patel,mia.patel330@outlook.com,+1-761-764-5804,Phoenix,AZ,2026-01-12,plus,41.0,2026-08-29,0
10331,Arjun,Kim,arjun.kim331@gmail.com,+1-991-684-8368,Houston,TX,2025-10-08,free,18.0,2026-05-01,1
10332,Diego,Khan,diego.khan332@pulsecart-mail.com,+1-550-744-3594,Miami,FL,2025-12-02,free,26.0,2026-04-15,1
10333,Jonah,Reyes,JONAH.REYES333@GMAIL.COM,+1-719-461-5390,Chicago,IL,2026-02-02,plus,38.0,2026-08-18,0
10334,Priya,Ali,priya.ali334@pulsecart-mail.com,+1-406-466-9573,Miami,FL,2025-04-10,free,32.0,2026-08-28,0
10335,Mia,Morgan,mia.morgan335@yahoo.com,+1-508-452-2555,Dallas,TX,2025-01-23,free,30.0,2026-08-15,0
10336,Marcus,Nguyen,marcus.nguyen336@outlook.com,+1-219-330-6153,Denver,CO,2025-10-28,free,36.0,2026-08-20,0
10337,Maya,Hughes,maya.hughes337@pulsecart-mail.com,+1-369-877-4837,Houston,TX,2025-01-29,pro,23.0,2026-08-23,0
10338,Grace,Cole,grace.cole338@pulsecart-mail.com,+1-845-964-6490,Houston,TX,2025-06-30,plus,28.0,2025-08-24,1
10339,Chris,Ali,chris.ali339@pulsecart-mail.com,+1-614-669-2763,Boston,MA,2025-11-14,plus,42.0,2026-08-20,0
10340,Maya,Shah,maya.shah340@outlook.com,+1-704-703-4018,Denver,CO,2025-08-02,free,25.0,2026-08-26,0
10341,Noah,Walker,noah.walker341@pulsecart-mail.com,+1-606-586-5118,Houston,TX,2025-07-24,plus,,2025-10-16,1
10342,Leila,Iyer,leila.iyer342@yahoo.com,+1-743-718-9256,Denver,CO,2026-01-27,free,31.0,2026-05-05,1
10343,Diego,Brooks,diego.brooks343@yahoo.com,+1-858-783-8465,Chicago,IL,2025-02-06,free,40.0,2026-08-16,0
10344,Liam,Ortiz,liam.ortiz344@gmail.com,+1-984-269-4630,Austin,TX,2025-01-27,free,36.0,2026-08-16,0
10345,Sara,Ali,sara.ali345@outlook.com,+1-430-740-2722,Dallas,TX,2026-01-11,free,47.0,2026-08-28,0
10346,Leo,Hughes,leo.hughes346@gmail.com,+1-212-936-2659,Atlanta,GA,2025-11-28,pro,31.0,2026-08-29,0
10347,Mia,Silva,mia.silva347@outlook.com,+1-208-642-1364,Dallas,TX,2025-09-30,pro,37.0,2026-08-29,0
10348,Ava,Morgan,ava.morgan348@yahoo.com,769-575-7943,Austin,TX,2025-09-10,free,25.0,2026-08-25,0
10349,Ryan,Chen,ryan.chen349@pulsecart-mail.com,+1-362-481-2684,Phoenix,AZ,2025-07-16,pro,24.0,2026-08-30,0
10350,Fatima,Chen,fatima.chen350@yahoo.com,+1-589-308-7103,Houston,TX,2025-03-27,free,39.0,2025-11-01,1
10351,Ava,Shah,ava.shah351@gmail.com,+1-880-693-5559,Houston,TX,2025-11-23,free,34.0,2026-04-18,1
10352,Leila,Shah,leila.shah352@pulsecart-mail.com,+1-571-786-2429,Dallas,TX,2025-06-17,free,35.0,2026-08-28,0
10353,Noah,Chen,noah.chen353@gmail.com,+1-690-618-8187,Houston,TX,2025-12-18,plus,38.0,2026-08-24,0
10354,Sofia,Foster,sofia.foster354@gmail.com,+1-632-845-5448,Austin,TX,2025-09-21,free,44.0,2026-08-19,0
10355,Chris,Reyes,chris.reyes355@outlook.com,+1-797-414-6414,Chicago,IL,2025-09-11,plus,38.0,2026-08-30,0
10356,Ava,Patel,ava.patel356@gmail.com,+1-517-381-3395,Houston,TX,2025-12-01,plus,28.0,2026-08-14,0
10357,Anika,Rao,anika.rao357@outlook.com,+1-882-991-5458,Dallas,TX,2026-01-13,free,31.0,2026-08-26,0
10358,Leila,Iyer,leila.iyer358@gmail.com,+1-750-618-7485,Atlanta,GA,2026-01-04,free,20.0,2026-07-23,1
10359,Fatima,Walker,fatima.walker359@yahoo.com,+1-709-798-3779,Dallas,TX,2026-02-02,plus,33.0,2026-07-13,1
10360,Chris,Kim,chris.kim360@yahoo.com,+1-442-980-1153,Houston,TX,2025-12-29,plus,42.0,2026-08-17,0
10361,Diego,Ortiz,diego.ortiz361@yahoo.com,+1-343-743-2282,Atlanta,GA,2025-11-09,free,43.0,2026-08-29,0
10362,Marcus,Brooks,marcus.brooks362@gmail.com,+1-201-482-2806,Dallas,TX,2026-01-16,pro,48.0,2026-06-29,1
10363,Elena,Foster,elena.foster363@pulsecart-mail.com,+1-666-610-4484,Dallas,TX,2026-01-07,pro,32.0,2026-08-27,0
10364,Leila,Ortiz,leila.ortiz364@pulsecart-mail.com,+1-911-364-2961,Houston,TX,2025-01-10,free,45.0,2026-08-17,0
10365,Owen,Cole,owen.cole365@outlook.com,+1-401-820-2634,Miami,FL,2025-02-11,free,26.0,2026-08-22,0
10366,Dev,Silva,dev.silva366@pulsecart-mail.com,+1-986-286-6005,Houston,TX,2025-11-12,free,26.0,2026-08-18,0
10367,Anika,Walker,anika.walker367@gmail.com,+1-252-393-7153,Chicago,IL,2026-01-02,free,42.0,2026-08-26,0
10368,Mia,Morgan,mia.morgan368@outlook.com,+1-718-830-2607,Chicago,IL,2025-05-22,free,20.0,2026-08-15,0
10369,Chris,Patel,chrispatel369 at gmail.com,+1-923-538-6689,Seattle,WA,2025-10-28,pro,35.0,2026-08-27,0
10370,Sofia,Khan,SOFIA.KHAN370@YAHOO.COM,+1-357-391-2602,Phoenix,AZ,2025-02-14,free,22.0,2026-08-25,0
10371,Owen,Chen,owen.chen371@outlook.com,,Phoenix,AZ,2025-05-30,free,33.0,2026-08-18,0
10372,Zara,Kim,zara.kim372@pulsecart-mail.com,+1-781-608-6546,Seattle,WA,2025-12-23,free,,2026-08-14,0
10373,Imani,Walker,imani.walker373@pulsecart-mail.com,+1-598-682-7697,Chicago,IL,2025-06-25,plus,46.0,2026-08-22,0
10374,Marcus,Silva,marcus.silva374@pulsecart-mail.com,+1-766-715-2622,Austin,TX,2025-11-04,plus,38.0,2026-08-27,0
10375,Elena,Cole,elena.cole375@pulsecart-mail.com,+1-532-485-4620,Phoenix,AZ,2025-12-30,plus,40.0,2026-08-30,0
10376,Grace,Foster,grace.foster376@yahoo.com,+1-323-605-7171,Seattle,WA,2025-01-25,free,40.0,2026-08-26,0
10377,Ryan,Khan,ryan.khan377@pulsecart-mail.com,444-560-4547,Dallas,TX,2025-12-10,free,32.0,2026-08-30,0
10378,Elena,Rao,elena.rao378@yahoo.com,+1-311-745-4920,Houston,TX,2025-05-18,pro,41.0,2026-08-16,0
10379,Liam,Reyes,liam.reyes379@pulsecart-mail.com,+1-586-953-7098,Phoenix,AZ,2025-03-22,free,32.0,2026-08-18,0
10380,Amara,Ortiz,amara.ortiz380@pulsecart-mail.com,+1-380-792-4892,Houston,TX,2025-10-24,free,22.0,2026-03-06,1
10381,Ethan,Diaz,ethan.diaz381@pulsecart-mail.com,+1-915-952-2841,Atlanta,GA,2025-01-01,free,19.0,2026-08-21,0
10382,Mateo,Diaz,mateo.diaz382@pulsecart-mail.com,+1-669-969-7151,Denver,CO,2025-11-28,free,22.0,2026-08-25,0
10383,Dev,Diaz,dev.diaz383@gmail.com,+1-686-292-7668,Austin,TX,2025-08-20,free,36.0,2026-08-28,0
10384,Leo,Walker,leo.walker384@yahoo.com,+1-675-556-5386,Dallas,TX,2025-10-05,free,29.0,2026-08-22,0
10385,Grace,Iyer,grace.iyer385@outlook.com,+1-795-411-2413,Austin,TX,2025-06-29,plus,26.0,2026-08-26,0
10386,Leo,Ortiz,leo.ortiz386@gmail.com,+1-867-941-5101,Chicago,IL,2025-02-28,plus,40.0,2025-07-15,1
10387,Mia,Khan,mia.khan387@pulsecart-mail.com,+1-764-584-7639,Austin,TX,2025-09-30,plus,58.0,2026-08-16,0
10388,Sara,Silva,sara.silva388@yahoo.com,+1-947-514-7093,Houston,TX,2025-03-18,pro,29.0,2026-08-28,0
10389,Zara,Hughes,zara.hughes389@pulsecart-mail.com,+1-213-791-7515,Austin,TX,2025-04-04,free,30.0,2026-08-25,0
10390,Marcus,Ortiz,marcus.ortiz390@gmail.com,+1-436-850-4133,Houston,TX,2025-09-23,free,31.0,2026-08-20,0
10391,Chris,Nguyen,chris.nguyen391@yahoo.com,+1-813-528-5266,Dallas,TX,2025-01-18,plus,32.0,2026-08-19,0
10392,Elena,Bennett,elena.bennett392@yahoo.com,+1-455-634-1505,Dallas,TX,2025-08-07,free,33.0,2025-10-13,1
10393,Marcus,Bennett,marcus.bennett393@pulsecart-mail.com,+1-930-959-7928,Seattle,WA,2025-03-12,free,27.0,2026-08-17,0
10394,Marcus,Walker,marcus.walker394@outlook.com,+1-483-601-5712,Denver,CO,2025-08-01,plus,32.0,2026-08-15,0
10395,Zara,Morgan,zara.morgan395@outlook.com,+1-228-598-2583,Boston,MA,2025-07-08,plus,34.0,2026-08-25,0
10396,Kai,Khan,kai.khan396@pulsecart-mail.com,+1-331-805-9861,Dallas,TX,2025-08-15,plus,25.0,2026-08-26,0
10397,Imani,Bennett,imani.bennett397@outlook.com,+1-258-518-7072,Houston,TX,2025-09-29,free,31.0,2026-08-16,0
10398,Arjun,Rao,arjun.rao398@gmail.com,+1-604-478-2175,Denver,CO,2025-03-26,free,18.0,2026-08-27,0
10399,Kai,Hughes,kai.hughes399@gmail.com,+1-253-213-9393,Chicago,IL,2025-05-18,pro,43.0,2026-08-24,0
10400,Hannah,Khan,hannah.khan400@yahoo.com,+1-653-308-5268,Dallas,TX,2025-11-06,free,40.0,2026-08-20,0
10401,Mateo,Shah,mateo.shah401@gmail.com,+1-743-834-8877,Houston,TX,2025-01-01,free,23.0,2025-06-13,1
10402,Sofia,Ortiz,sofia.ortiz402@outlook.com,+1-455-554-2447,Dallas,TX,2025-08-11,free,47.0,2026-08-21,0
10403,Kai,Rao,kai.rao403@gmail.com,+1-769-900-5156,Houston,TX,2026-01-15,free,,2026-08-30,0
10404,Arjun,Morgan,arjun.morgan404@outlook.com,+1-289-836-2972,Seattle,WA,2025-06-14,free,18.0,2025-10-05,1
10405,Noah,Foster,noah.foster405@outlook.com,+1-539-422-7404,Miami,FL,2025-12-23,free,31.0,2026-08-24,0
10406,Maya,Brooks,maya.brooks406@yahoo.com,330-385-8899,Austin,TX,2025-11-19,free,46.0,2026-08-17,0
10407,Nina,Iyer,NINA.IYER407@PULSECART-MAIL.COM,+1-770-347-5636,Atlanta,GA,2026-01-10,plus,28.0,2026-08-28,0
10408,Ava,Walker,ava.walker408@gmail.com,+1-620-589-9835,Atlanta,GA,2025-12-02,plus,34.0,2026-02-08,1
10409,Diego,Morgan,diego.morgan409@outlook.com,+1-380-325-5555,Dallas,TX,2025-05-04,pro,26.0,2026-08-18,0
10410,Diego,Patel,diegopatel410 at gmail.com,+1-732-389-6878,Austin,TX,2025-05-24,free,26.0,2026-08-17,0
10411,Liam,Rao,liam.rao411@gmail.com,+1-905-945-8331,Atlanta,GA,2025-08-17,free,46.0,2026-08-14,0
10412,Ryan,Cole,ryan.cole412@outlook.com,+1-704-540-8968,Seattle,WA,2025-04-13,pro,39.0,2025-10-14,1
10413,Fatima,Rao,fatima.rao413@yahoo.com,+1-481-417-6117,Miami,FL,2025-10-04,plus,33.0,2026-08-27,0
10414,Zara,Rao,zara.rao414@pulsecart-mail.com,+1-673-900-1979,Austin,TX,2025-04-07,plus,43.0,2026-08-14,0
10415,Priya,Reyes,priya.reyes415@gmail.com,+1-535-641-4814,Atlanta,GA,2025-12-31,free,18.0,2026-08-18,0
10416,Leo,Brooks,leo.brooks416@pulsecart-mail.com,+1-278-745-8049,Houston,TX,2025-03-12,free,29.0,2026-08-14,0
10417,Elena,Patel,elena.patel417@yahoo.com,+1-954-333-8081,Houston,TX,2025-06-21,free,21.0,2026-08-20,0
10418,Mateo,Foster,mateo.foster418@outlook.com,+1-766-491-5690,Dallas,TX,2025-01-05,free,45.0,2025-05-23,1
10419,Priya,Kim,priya.kim419@yahoo.com,+1-938-570-3273,Houston,TX,2025-10-16,free,23.0,2025-12-24,1
10420,Kai,Morgan,kai.morgan420@yahoo.com,+1-851-653-5565,Miami,FL,2025-02-06,plus,33.0,2026-08-26,0
10421,Elena,Shah,elena.shah421@pulsecart-mail.com,+1-513-686-6781,Miami,FL,2025-12-19,free,32.0,2026-08-21,0
10422,Jonah,Ortiz,jonah.ortiz422@outlook.com,+1-592-487-3242,Boston,MA,2025-08-23,plus,18.0,2026-08-28,0
10423,Priya,Nguyen,priya.nguyen423@pulsecart-mail.com,+1-308-345-4203,Chicago,IL,2025-05-12,plus,29.0,2026-08-22,0
10424,Liam,Hughes,liam.hughes424@outlook.com,,Houston,TX,2025-11-04,plus,35.0,2026-03-12,1
10425,Elena,Morgan,elena.morgan425@gmail.com,+1-975-832-6015,Chicago,IL,2025-12-19,free,40.0,2026-05-15,1
10426,Dev,Khan,dev.khan426@yahoo.com,+1-282-342-4420,Atlanta,GA,2025-05-10,plus,43.0,2026-08-27,0
10427,Nina,Cole,nina.cole427@outlook.com,+1-280-313-4503,Phoenix,AZ,2025-08-04,plus,18.0,2026-08-16,0
10428,Amara,Diaz,amara.diaz428@pulsecart-mail.com,+1-368-760-5738,Dallas,TX,2025-06-15,free,37.0,2026-08-15,0
10429,Chris,Walker,chris.walker429@outlook.com,+1-337-732-2501,Seattle,WA,2025-11-17,free,34.0,2026-08-25,0
10430,Owen,Diaz,owen.diaz430@outlook.com,+1-343-394-2151,Chicago,IL,2025-10-02,free,32.0,2026-08-15,0
10431,Jonah,Chen,jonah.chen431@yahoo.com,+1-427-970-2641,Chicago,IL,2025-11-04,free,34.0,2026-06-11,1
10432,Mia,Foster,mia.foster432@yahoo.com,+1-452-963-7408,Austin,TX,2025-08-20,free,37.0,2026-08-19,0
10433,Hannah,Iyer,hannah.iyer433@pulsecart-mail.com,+1-205-571-4775,Denver,CO,2025-03-25,free,38.0,2026-08-26,0
10434,Jonah,Ortiz,jonah.ortiz434@outlook.com,+1-503-696-7897,Chicago,IL,2025-08-23,free,,2025-10-17,1
10435,Ryan,Brooks,ryan.brooks435@gmail.com,906-975-5951,Atlanta,GA,2025-12-05,plus,37.0,2026-08-27,0
10436,Grace,Bennett,grace.bennett436@gmail.com,+1-505-765-1131,Chicago,IL,2025-04-25,free,34.0,2026-08-29,0
10437,Fatima,Diaz,fatima.diaz437@gmail.com,+1-725-355-6482,Dallas,TX,2025-08-08,free,46.0,2026-08-30,0
10438,Chris,Foster,chris.foster438@yahoo.com,+1-745-415-9610,Seattle,WA,2025-12-13,free,30.0,2026-07-04,1
10439,Chris,Ali,chris.ali439@pulsecart-mail.com,+1-433-901-7871,Austin,TX,2025-12-24,plus,23.0,2026-05-22,1
10440,Diego,Foster,diego.foster440@yahoo.com,+1-295-679-1354,Seattle,WA,2025-12-30,free,49.0,2026-01-20,1
10441,Ryan,Hughes,ryan.hughes441@pulsecart-mail.com,+1-767-299-5446,Austin,TX,2025-10-20,free,46.0,2026-08-18,0
10442,Diego,Ali,diego.ali442@pulsecart-mail.com,+1-462-593-8702,Denver,CO,2025-06-13,plus,39.0,2026-08-23,0
10443,Maya,Iyer,maya.iyer443@outlook.com,+1-658-657-2697,Houston,TX,2026-01-27,free,22.0,2026-08-15,0
10444,Zara,Morgan,ZARA.MORGAN444@GMAIL.COM,+1-520-521-2048,Chicago,IL,2025-01-25,plus,18.0,2026-08-28,0
10445,Noah,Patel,noah.patel445@gmail.com,+1-332-536-3820,Chicago,IL,2025-03-24,pro,30.0,2026-08-30,0
10446,Ethan,Walker,ethan.walker446@yahoo.com,+1-208-870-8594,Dallas,TX,2025-07-11,free,39.0,2026-08-25,0
10447,Owen,Ali,owen.ali447@pulsecart-mail.com,+1-424-516-7456,Phoenix,AZ,2025-12-20,pro,39.0,2026-08-24,0
10448,Mia,Kim,mia.kim448@outlook.com,+1-765-926-7788,Chicago,IL,2025-12-31,plus,24.0,2026-08-29,0
10449,Nina,Rao,nina.rao449@gmail.com,+1-275-315-1346,Atlanta,GA,2025-07-16,pro,35.0,2026-08-19,0
10450,Chris,Nguyen,chris.nguyen450@yahoo.com,+1-288-719-7361,Houston,TX,2025-05-14,plus,40.0,2026-08-17,0
10451,Ryan,Foster,ryanfoster451 at gmail.com,+1-321-307-9006,Denver,CO,2025-02-28,plus,36.0,2026-08-23,0
10452,Zara,Walker,zara.walker452@yahoo.com,+1-204-227-8332,Seattle,WA,2025-05-30,free,39.0,2025-07-29,1
10453,Leila,Reyes,leila.reyes453@gmail.com,+1-512-894-4612,Dallas,TX,2025-10-12,free,30.0,2026-04-25,1
10454,Maya,Khan,maya.khan454@yahoo.com,+1-588-469-5328,Dallas,TX,2025-03-27,free,38.0,2026-08-20,0
10455,Amara,Reyes,amara.reyes455@outlook.com,+1-559-825-7688,Atlanta,GA,2025-09-27,plus,35.0,2026-08-29,0
10456,Hannah,Shah,hannah.shah456@yahoo.com,+1-638-444-7147,Seattle,WA,2025-04-03,plus,45.0,2026-08-25,0
10457,Zara,Bennett,zara.bennett457@outlook.com,+1-542-639-5614,Denver,CO,2025-01-05,free,31.0,2026-08-27,0
10458,Jonah,Kim,jonah.kim458@outlook.com,+1-561-331-9175,Chicago,IL,2026-01-05,pro,47.0,2026-08-18,0
10459,Owen,Ortiz,owen.ortiz459@pulsecart-mail.com,+1-892-567-8525,Houston,TX,2025-05-31,plus,36.0,2026-08-30,0
10460,Owen,Khan,owen.khan460@outlook.com,+1-940-273-1598,Atlanta,GA,2025-02-04,pro,34.0,2026-08-26,0
10461,Nina,Foster,nina.foster461@pulsecart-mail.com,+1-329-592-2249,Chicago,IL,2025-09-08,free,32.0,2026-08-18,0
10462,Marcus,Reyes,marcus.reyes462@gmail.com,+1-755-241-4716,Phoenix,AZ,2026-02-03,free,20.0,2026-03-22,1
10463,Maya,Brooks,maya.brooks463@yahoo.com,+1-740-450-9287,Dallas,TX,2025-07-03,free,33.0,2026-08-20,0
10464,Mia,Brooks,mia.brooks464@outlook.com,951-785-8987,Houston,TX,2025-03-17,plus,32.0,2025-05-15,1
10465,Owen,Kim,owen.kim465@gmail.com,+1-297-955-5662,Austin,TX,2025-06-13,free,,2026-08-27,0
10466,Kai,Walker,kai.walker466@outlook.com,+1-507-594-6704,Atlanta,GA,2025-03-03,plus,38.0,2026-08-16,0
10467,Liam,Diaz,liam.diaz467@outlook.com,+1-280-585-1138,Boston,MA,2025-01-13,free,29.0,2026-08-20,0
10468,Chris,Iyer,chris.iyer468@outlook.com,+1-312-708-5803,Chicago,IL,2025-06-12,plus,56.0,2026-08-28,0
10469,Hannah,Ali,hannah.ali469@outlook.com,+1-941-262-9857,Houston,TX,2025-02-27,free,18.0,2025-05-26,1
10470,Zara,Silva,zara.silva470@pulsecart-mail.com,+1-942-382-2551,Houston,TX,2026-01-03,free,31.0,2026-08-16,0
10471,Mia,Khan,mia.khan471@gmail.com,+1-419-325-8788,Austin,TX,2025-04-23,free,44.0,2026-08-16,0
10472,Noah,Reyes,noah.reyes472@pulsecart-mail.com,+1-939-763-2270,Houston,TX,2025-12-03,free,36.0,2026-07-08,1
10473,Jonah,Iyer,jonah.iyer473@outlook.com,+1-289-957-1599,Denver,CO,2025-04-25,pro,22.0,2026-08-16,0
10474,Mia,Hughes,mia.hughes474@pulsecart-mail.com,+1-284-698-8199,Houston,TX,2025-10-09,pro,29.0,2026-08-15,0
10475,Ryan,Hughes,ryan.hughes475@yahoo.com,+1-818-464-8361,Denver,CO,2025-05-19,free,37.0,2026-08-26,0
10476,Dev,Diaz,dev.diaz476@outlook.com,+1-854-238-8611,Dallas,TX,2026-01-09,plus,31.0,2026-08-17,0
10477,Jonah,Morgan,jonah.morgan477@outlook.com,,Chicago,IL,2025-01-18,free,18.0,2025-08-04,1
10478,Noah,Rao,noah.rao478@gmail.com,+1-461-981-8078,Houston,TX,2025-07-07,free,31.0,2025-12-12,1
10479,Maya,Reyes,maya.reyes479@gmail.com,+1-902-546-9260,Houston,TX,2025-03-20,plus,26.0,2026-08-16,0
10480,Imani,Rao,imani.rao480@gmail.com,+1-668-540-7734,Austin,TX,2025-03-30,plus,32.0,2026-08-23,0
10481,Leo,Khan,LEO.KHAN481@OUTLOOK.COM,+1-910-593-5235,Denver,CO,2025-12-07,free,35.0,2026-08-20,0
10482,Chris,Reyes,chris.reyes482@outlook.com,+1-299-801-4877,Miami,FL,2025-01-22,free,35.0,2026-08-21,0
10483,Jonah,Walker,jonah.walker483@yahoo.com,+1-777-377-2795,Houston,TX,2025-02-04,free,27.0,2026-08-29,0
10484,Zara,Iyer,zara.iyer484@pulsecart-mail.com,+1-513-474-5899,Seattle,WA,2025-07-31,free,39.0,2026-02-18,1
10485,Priya,Nguyen,priya.nguyen485@pulsecart-mail.com,+1-481-818-5129,Austin,TX,2025-10-25,plus,32.0,2026-08-23,0
10486,Liam,Foster,liam.foster486@yahoo.com,+1-239-769-9744,Seattle,WA,2025-07-26,free,41.0,2026-08-22,0
10487,Nina,Morgan,nina.morgan487@yahoo.com,+1-873-250-8945,Miami,FL,2025-01-05,plus,35.0,2026-08-28,0
10488,Leo,Chen,leo.chen488@yahoo.com,+1-900-555-6021,Houston,TX,2026-01-18,free,20.0,2026-08-24,0
10489,Kai,Nguyen,kai.nguyen489@pulsecart-mail.com,+1-779-219-7498,Houston,TX,2025-12-05,free,23.0,2026-02-08,1
10490,Arjun,Chen,arjun.chen490@yahoo.com,+1-608-263-9121,Miami,FL,2025-09-01,plus,33.0,2026-08-26,0
10491,Leo,Khan,leo.khan491@yahoo.com,+1-599-222-6925,Austin,TX,2025-04-18,plus,24.0,2026-08-25,0
10492,Ethan,Shah,ethanshah492 at gmail.com,+1-735-331-7928,Phoenix,AZ,2026-02-04,free,46.0,2026-08-28,0
10493,Noah,Brooks,noah.brooks493@pulsecart-mail.com,390-994-9583,Chicago,IL,2025-07-08,plus,23.0,2026-08-27,0
10494,Noah,Brooks,noah.brooks494@gmail.com,+1-264-845-8806,Atlanta,GA,2025-11-14,free,27.0,2026-08-15,0
10495,Marcus,Iyer,marcus.iyer495@gmail.com,+1-572-475-3230,Denver,CO,2025-10-10,plus,30.0,2026-08-18,0
10496,Kai,Foster,kai.foster496@pulsecart-mail.com,+1-674-343-7812,Austin,TX,2025-09-15,plus,,2026-08-16,0
10497,Anika,Chen,anika.chen497@outlook.com,+1-490-511-9389,Austin,TX,2025-12-27,free,42.0,2026-08-17,0
10498,Chris,Nguyen,chris.nguyen498@outlook.com,+1-551-950-4965,Atlanta,GA,2025-10-03,plus,41.0,2026-08-23,0
10499,Liam,Hughes,liam.hughes499@yahoo.com,+1-328-835-5261,Houston,TX,2025-02-22,free,24.0,2025-06-25,1
10500,Sofia,Khan,sofia.khan500@pulsecart-mail.com,+1-433-498-9521,Denver,CO,2025-06-11,free,34.0,2026-08-21,0
10501,Marcus,Nguyen,marcus.nguyen501@outlook.com,+1-812-675-9859,Houston,TX,2025-12-20,free,21.0,2026-08-24,0
10502,Liam,Foster,liam.foster502@gmail.com,+1-461-294-8314,Austin,TX,2025-07-22,free,29.0,2026-08-19,0
10503,Owen,Silva,owen.silva503@yahoo.com,+1-862-360-1431,Austin,TX,2025-11-11,free,34.0,2026-08-27,0
10504,Chris,Hughes,chris.hughes504@outlook.com,+1-674-318-8747,Houston,TX,2025-06-26,free,24.0,2025-08-30,1
10505,Ava,Bennett,ava.bennett505@pulsecart-mail.com,+1-551-780-3753,Atlanta,GA,2025-09-15,free,51.0,2026-08-24,0
10506,Grace,Khan,grace.khan506@gmail.com,+1-402-856-9576,Chicago,IL,2025-04-30,free,30.0,2026-08-14,0
10507,Anika,Ali,anika.ali507@outlook.com,+1-212-238-3935,Austin,TX,2025-03-09,free,20.0,2026-08-21,0
10508,Diego,Foster,diego.foster508@outlook.com,+1-298-840-6190,Boston,MA,2025-07-06,pro,53.0,2026-08-26,0
10509,Mia,Patel,mia.patel509@outlook.com,+1-945-326-6414,Denver,CO,2025-04-03,free,36.0,2026-08-29,0
10510,Noah,Patel,noah.patel510@yahoo.com,+1-590-748-5981,Chicago,IL,2025-05-10,plus,42.0,2026-08-23,0
10511,Mateo,Walker,mateo.walker511@yahoo.com,+1-701-297-4672,Atlanta,GA,2025-05-27,free,33.0,2026-08-18,0
10512,Jonah,Khan,jonah.khan512@yahoo.com,+1-814-616-5605,Atlanta,GA,2025-03-07,plus,33.0,2026-08-20,0
10513,Diego,Rao,diego.rao513@yahoo.com,+1-697-552-3274,Houston,TX,2025-11-24,free,26.0,2026-08-29,0
10514,Marcus,Silva,marcus.silva514@pulsecart-mail.com,+1-953-762-2511,Austin,TX,2025-10-26,plus,36.0,2026-08-18,0
10515,Zara,Kim,zara.kim515@yahoo.com,+1-649-874-6996,Denver,CO,2025-02-18,free,37.0,2026-08-30,0
10516,Kai,Diaz,kai.diaz516@gmail.com,+1-378-472-7306,Austin,TX,2025-11-16,pro,27.0,2026-08-27,0
10517,Diego,Rao,diego.rao517@gmail.com,+1-793-324-5835,Houston,TX,2025-10-29,plus,38.0,2026-08-16,0
10518,Kai,Khan,KAI.KHAN518@YAHOO.COM,+1-202-514-2964,Dallas,TX,2025-03-09,free,46.0,2025-05-30,1
10519,Ava,Walker,ava.walker519@yahoo.com,+1-280-280-8415,Dallas,TX,2025-05-31,free,35.0,2026-08-25,0
10520,Sofia,Shah,sofia.shah520@yahoo.com,+1-988-919-4982,Atlanta,GA,2025-04-08,free,31.0,2026-08-28,0
10521,Elena,Kim,elena.kim521@gmail.com,+1-833-935-3009,Denver,CO,2025-02-21,free,31.0,2025-05-01,1
10522,Amara,Ali,amara.ali522@yahoo.com,303-313-2737,Dallas,TX,2025-11-03,free,28.0,2026-08-25,0
10523,Nina,Iyer,nina.iyer523@yahoo.com,+1-595-946-2914,Miami,FL,2025-07-26,pro,22.0,2026-08-24,0
10524,Grace,Brooks,grace.brooks524@gmail.com,+1-573-456-9304,Austin,TX,2025-01-06,free,40.0,2026-08-15,0
10525,Grace,Silva,grace.silva525@pulsecart-mail.com,+1-430-552-3082,Atlanta,GA,2025-03-14,free,27.0,2026-08-21,0
10526,Liam,Foster,liam.foster526@pulsecart-mail.com,+1-368-803-2856,Miami,FL,2025-12-22,free,22.0,2026-08-17,0
10527,Hannah,Diaz,hannah.diaz527@gmail.com,+1-657-614-9631,Austin,TX,2025-01-16,plus,,2026-08-25,0
10528,Nina,Walker,nina.walker528@yahoo.com,+1-616-235-1499,Phoenix,AZ,2025-06-07,plus,32.0,2026-08-25,0
10529,Zara,Ortiz,zara.ortiz529@gmail.com,+1-969-201-5859,Houston,TX,2025-01-01,plus,21.0,2026-08-20,0
10530,Priya,Brooks,priya.brooks530@gmail.com,,Houston,TX,2025-02-13,free,21.0,2025-09-16,1
10531,Arjun,Brooks,arjun.brooks531@gmail.com,+1-991-531-4975,Chicago,IL,2025-04-16,pro,33.0,2026-08-25,0
10532,Zara,Shah,zara.shah532@yahoo.com,+1-510-949-7099,Dallas,TX,2025-07-27,plus,36.0,2026-08-29,0
10533,Elena,Morgan,elenamorgan533 at gmail.com,+1-487-779-2443,Austin,TX,2025-08-06,pro,35.0,2025-10-09,1
10534,Diego,Bennett,diego.bennett534@outlook.com,+1-547-478-5044,Miami,FL,2025-12-08,free,29.0,2026-08-28,0
10535,Sofia,Brooks,sofia.brooks535@outlook.com,+1-307-361-8213,Phoenix,AZ,2025-10-19,plus,18.0,2026-08-15,0
10536,Ethan,Nguyen,ethan.nguyen536@pulsecart-mail.com,+1-923-322-6802,Houston,TX,2025-08-31,plus,41.0,2025-12-11,1
10537,Jonah,Diaz,jonah.diaz537@yahoo.com,+1-956-435-4890,Atlanta,GA,2025-05-01,free,32.0,2026-08-17,0
10538,Liam,Patel,liam.patel538@pulsecart-mail.com,+1-728-538-4855,Boston,MA,2025-07-21,plus,58.0,2026-08-15,0
10539,Amara,Reyes,amara.reyes539@gmail.com,+1-787-466-2414,Austin,TX,2025-03-23,pro,46.0,2026-08-28,0
10540,Dev,Kim,dev.kim540@yahoo.com,+1-509-856-6229,Phoenix,AZ,2025-10-12,free,26.0,2026-08-24,0
10541,Marcus,Khan,marcus.khan541@gmail.com,+1-516-687-3389,Dallas,TX,2025-06-16,pro,41.0,2026-08-27,0
10542,Mia,Diaz,mia.diaz542@outlook.com,+1-462-940-2254,Atlanta,GA,2025-08-26,free,39.0,2025-12-24,1
10543,Ryan,Shah,ryan.shah543@outlook.com,+1-304-787-6558,Denver,CO,2025-04-18,free,41.0,2026-08-19,0
10544,Mateo,Silva,mateo.silva544@yahoo.com,+1-950-901-6791,Boston,MA,2025-06-24,pro,26.0,2026-08-20,0
10545,Diego,Ali,diego.ali545@pulsecart-mail.com,+1-845-828-8058,Phoenix,AZ,2025-09-01,pro,56.0,2026-08-19,0
10546,Noah,Kim,noah.kim546@pulsecart-mail.com,+1-877-879-8235,Chicago,IL,2026-01-04,free,24.0,2026-03-12,1
10547,Diego,Rao,diego.rao547@gmail.com,+1-929-257-3690,Denver,CO,2025-12-20,plus,38.0,2026-08-25,0
10548,Priya,Patel,priya.patel548@yahoo.com,+1-294-791-1318,Houston,TX,2025-12-29,free,21.0,2026-08-22,0
10549,Ryan,Walker,ryan.walker549@pulsecart-mail.com,+1-212-474-6954,Houston,TX,2025-01-04,free,18.0,2025-03-08,1
10550,Sofia,Cole,sofia.cole550@pulsecart-mail.com,+1-890-727-2014,Dallas,TX,2025-11-06,free,24.0,2026-08-29,0
10551,Ava,Iyer,ava.iyer551@yahoo.com,755-277-8997,Houston,TX,2025-06-29,free,35.0,2026-08-22,0
10552,Zara,Iyer,zara.iyer552@yahoo.com,+1-601-308-8230,Austin,TX,2025-09-07,free,21.0,2026-08-21,0
10553,Arjun,Kim,arjun.kim553@pulsecart-mail.com,+1-900-911-4263,Houston,TX,2025-11-21,plus,37.0,2026-01-26,1
10554,Fatima,Foster,fatima.foster554@outlook.com,+1-212-666-9680,Boston,MA,2025-05-18,free,27.0,2025-10-30,1
10555,Hannah,Morgan,HANNAH.MORGAN555@YAHOO.COM,+1-882-959-8650,Chicago,IL,2025-01-12,pro,24.0,2026-08-21,0
10556,Anika,Brooks,anika.brooks556@outlook.com,+1-587-483-1193,Austin,TX,2025-02-26,free,35.0,2026-08-18,0
10557,Ava,Kim,ava.kim557@outlook.com,+1-407-794-3000,Houston,TX,2025-03-13,free,27.0,2025-05-15,1
10558,Diego,Foster,diego.foster558@gmail.com,+1-471-497-4396,Denver,CO,2025-02-16,free,,2026-08-23,0
10559,Owen,Diaz,owen.diaz559@yahoo.com,+1-434-357-1932,Chicago,IL,2025-09-06,plus,25.0,2026-08-20,0
10560,Dev,Morgan,dev.morgan560@outlook.com,+1-966-430-4380,Miami,FL,2025-09-21,free,33.0,2026-08-18,0
10561,Anika,Hughes,anika.hughes561@yahoo.com,+1-958-794-4476,Miami,FL,2025-10-16,pro,34.0,2026-08-27,0
10562,Priya,Chen,priya.chen562@outlook.com,+1-595-679-7838,Chicago,IL,2025-09-29,free,37.0,2025-12-16,1
10563,Ava,Rao,ava.rao563@gmail.com,+1-346-361-9657,Denver,CO,2025-12-24,free,18.0,2026-08-19,0
10564,Maya,Ortiz,maya.ortiz564@outlook.com,+1-631-401-9809,Houston,TX,2025-03-28,free,23.0,2026-08-28,0
10565,Ryan,Patel,ryan.patel565@yahoo.com,+1-719-424-1024,Chicago,IL,2025-04-22,pro,31.0,2026-08-21,0
10566,Imani,Rao,imani.rao566@outlook.com,+1-296-464-4796,Chicago,IL,2025-12-08,free,38.0,2026-08-29,0
10567,Leila,Rao,leila.rao567@pulsecart-mail.com,+1-845-441-7501,Houston,TX,2025-03-10,plus,20.0,2026-08-24,0
10568,Imani,Rao,imani.rao568@gmail.com,+1-722-488-1039,Houston,TX,2025-12-22,plus,30.0,2026-08-20,0
10569,Mia,Kim,mia.kim569@outlook.com,+1-944-907-7535,Denver,CO,2025-02-23,plus,19.0,2026-08-21,0
10570,Fatima,Shah,fatima.shah570@yahoo.com,+1-256-989-5492,Dallas,TX,2025-03-20,free,20.0,2026-08-29,0
10571,Amara,Brooks,amara.brooks571@pulsecart-mail.com,+1-958-897-9201,Houston,TX,2025-10-05,plus,27.0,2026-08-18,0
10572,Mia,Bennett,mia.bennett572@gmail.com,+1-668-688-5219,Houston,TX,2025-08-17,plus,28.0,2026-08-17,0
10573,Fatima,Iyer,fatima.iyer573@gmail.com,+1-626-270-1534,Seattle,WA,2025-01-16,free,23.0,2026-08-20,0
10574,Mia,Walker,miawalker574 at gmail.com,+1-597-539-7317,Austin,TX,2025-06-18,free,41.0,2026-08-16,0
10575,Marcus,Ortiz,marcus.ortiz575@pulsecart-mail.com,+1-211-450-5525,Austin,TX,2025-10-01,free,30.0,2026-08-15,0
10576,Mateo,Shah,mateo.shah576@yahoo.com,+1-944-981-1611,Denver,CO,2025-06-09,free,39.0,2026-08-29,0
10577,Mia,Morgan,mia.morgan577@pulsecart-mail.com,+1-753-474-9264,Chicago,IL,2025-12-16,free,36.0,2026-08-28,0
10578,Dev,Foster,dev.foster578@pulsecart-mail.com,+1-531-967-1403,Houston,TX,2025-11-11,plus,38.0,2026-08-23,0
10579,Liam,Shah,liam.shah579@pulsecart-mail.com,+1-824-227-7095,Atlanta,GA,2025-07-27,pro,48.0,2026-08-24,0
10580,Grace,Reyes,grace.reyes580@outlook.com,384-437-3845,Chicago,IL,2026-01-18,plus,20.0,2026-08-24,0
10581,Kai,Chen,kai.chen581@gmail.com,+1-686-394-5178,Boston,MA,2025-09-07,pro,30.0,2026-08-17,0
10582,Arjun,Morgan,arjun.morgan582@outlook.com,+1-417-305-6435,Miami,FL,2025-12-03,free,35.0,2026-01-15,1
10583,Anika,Reyes,anika.reyes583@pulsecart-mail.com,,Houston,TX,2025-08-13,plus,30.0,2026-08-26,0
10584,Grace,Iyer,grace.iyer584@yahoo.com,+1-904-737-5102,Dallas,TX,2025-02-19,pro,35.0,2026-08-30,0
10585,Nina,Khan,nina.khan585@outlook.com,+1-842-774-7077,Chicago,IL,2025-04-20,plus,36.0,2026-08-21,0
10586,Jonah,Hughes,jonah.hughes586@gmail.com,+1-456-272-9572,Boston,MA,2025-11-14,free,45.0,2026-08-30,0
10587,Nina,Brooks,nina.brooks587@gmail.com,+1-848-253-6342,Atlanta,GA,2025-04-28,plus,33.0,2026-08-17,0
10588,Leo,Diaz,leo.diaz588@outlook.com,+1-655-206-8573,Houston,TX,2025-06-23,plus,36.0,2026-08-19,0
10589,Anika,Reyes,anika.reyes589@yahoo.com,+1-266-223-8061,Atlanta,GA,2025-07-09,free,,2026-08-20,0
10590,Mia,Shah,mia.shah590@pulsecart-mail.com,+1-919-254-8745,Chicago,IL,2025-05-19,free,23.0,2026-08-16,0
10591,Elena,Walker,elena.walker591@pulsecart-mail.com,+1-744-415-6991,Chicago,IL,2025-01-11,free,33.0,2025-05-28,1
10592,Ava,Chen,AVA.CHEN592@PULSECART-MAIL.COM,+1-616-862-6862,Chicago,IL,2025-03-21,free,30.0,2025-10-24,1
10593,Leila,Khan,leila.khan593@yahoo.com,+1-753-342-2477,Seattle,WA,2025-02-24,free,53.0,2025-04-26,1
10594,Owen,Brooks,owen.brooks594@yahoo.com,+1-801-308-4718,Houston,TX,2025-02-08,free,18.0,2026-08-18,0
10595,Ava,Iyer,ava.iyer595@yahoo.com,+1-507-495-4004,Denver,CO,2025-01-05,plus,22.0,2026-08-28,0
10596,Priya,Bennett,priya.bennett596@yahoo.com,+1-317-963-3541,Austin,TX,2025-04-09,free,33.0,2026-08-23,0
10597,Leo,Brooks,leo.brooks597@gmail.com,+1-982-990-7028,Atlanta,GA,2025-01-13,pro,37.0,2026-08-14,0
10598,Grace,Brooks,grace.brooks598@outlook.com,+1-705-572-2471,Dallas,TX,2025-01-10,free,28.0,2026-08-26,0
10599,Liam,Shah,liam.shah599@outlook.com,+1-251-307-9098,Seattle,WA,2025-01-10,free,27.0,2026-08-28,0
10600,Amara,Iyer,amara.iyer600@outlook.com,+1-784-953-9095,Houston,TX,2025-03-11,free,43.0,2026-08-30,0
10601,Owen,Foster,owen.foster601@yahoo.com,+1-220-581-7282,Houston,TX,2025-07-31,pro,24.0,2026-08-30,0
10602,Priya,Ortiz,priya.ortiz602@gmail.com,+1-323-336-1319,Chicago,IL,2025-08-22,plus,34.0,2026-08-22,0
10603,Chris,Silva,chris.silva603@outlook.com,+1-779-278-3477,Miami,FL,2025-10-12,plus,29.0,2026-08-18,0
10604,Diego,Shah,diego.shah604@pulsecart-mail.com,+1-838-898-3662,Houston,TX,2025-10-02,free,27.0,2026-08-29,0
10605,Sofia,Patel,sofia.patel605@yahoo.com,+1-237-855-3093,Houston,TX,2025-12-18,plus,31.0,2026-08-20,0
10606,Leila,Ortiz,leila.ortiz606@pulsecart-mail.com,+1-294-724-6539,Houston,TX,2025-10-18,plus,20.0,2026-08-27,0
10607,Arjun,Nguyen,arjun.nguyen607@yahoo.com,+1-344-201-8530,Houston,TX,2025-12-17,free,31.0,2026-08-30,0
10608,Zara,Patel,zara.patel608@pulsecart-mail.com,+1-653-349-9177,Phoenix,AZ,2025-07-17,free,27.0,2025-10-09,1
10609,Amara,Cole,amara.cole609@outlook.com,711-769-9263,Denver,CO,2025-01-15,free,40.0,2026-08-20,0
10610,Mia,Iyer,mia.iyer610@yahoo.com,+1-480-397-1555,Houston,TX,2025-10-13,pro,28.0,2026-08-22,0
10611,Chris,Nguyen,chris.nguyen611@outlook.com,+1-515-560-3515,Atlanta,GA,2025-01-12,free,41.0,2026-08-27,0
10612,Noah,Patel,noah.patel612@yahoo.com,+1-229-880-4244,Phoenix,AZ,2025-01-26,free,42.0,2026-08-27,0
10613,Nina,Brooks,nina.brooks613@gmail.com,+1-717-724-7971,Houston,TX,2025-05-18,free,21.0,2026-08-20,0
10614,Sofia,Cole,sofia.cole614@pulsecart-mail.com,+1-358-861-4616,Austin,TX,2026-01-23,plus,37.0,2026-08-27,0
10615,Liam,Hughes,liamhughes615 at gmail.com,+1-238-876-2265,Seattle,WA,2025-03-20,free,32.0,2026-08-28,0
10616,Nina,Diaz,nina.diaz616@gmail.com,+1-443-391-2610,Atlanta,GA,2025-05-12,pro,41.0,2026-08-29,0
10617,Leila,Kim,leila.kim617@yahoo.com,+1-923-457-6445,Houston,TX,2025-02-23,plus,21.0,2026-08-23,0
10618,Owen,Ali,owen.ali618@yahoo.com,+1-814-490-8264,Phoenix,AZ,2025-08-31,free,35.0,2026-08-19,0
10619,Fatima,Reyes,fatima.reyes619@gmail.com,+1-424-282-9315,Seattle,WA,2025-11-08,plus,37.0,2026-08-15,0
10620,Dev,Cole,dev.cole620@gmail.com,+1-297-943-1840,Chicago,IL,2025-08-28,pro,,2026-08-29,0
10621,Zara,Walker,zara.walker621@gmail.com,+1-381-492-7646,Atlanta,GA,2025-10-09,plus,43.0,2026-08-15,0
10622,Liam,Cole,liam.cole622@outlook.com,+1-970-770-4831,Houston,TX,2025-01-30,free,35.0,2026-08-28,0
10623,Hannah,Rao,hannah.rao623@yahoo.com,+1-350-563-6186,Houston,TX,2025-08-26,pro,23.0,2026-08-27,0
10624,Sara,Morgan,sara.morgan624@outlook.com,+1-593-400-7140,Boston,MA,2025-08-20,free,27.0,2026-08-25,0
10625,Grace,Khan,grace.khan625@gmail.com,+1-297-481-1560,Atlanta,GA,2025-04-07,plus,31.0,2025-08-23,1
10626,Ryan,Rao,ryan.rao626@pulsecart-mail.com,+1-771-853-8873,Chicago,IL,2025-07-30,plus,18.0,2025-10-14,1
10627,Zara,Reyes,zara.reyes627@gmail.com,+1-389-499-2310,Chicago,IL,2025-07-27,free,27.0,2026-08-22,0
10628,Grace,Shah,grace.shah628@outlook.com,+1-847-225-7918,Houston,TX,2025-09-01,free,33.0,2026-08-28,0
10629,Grace,Walker,GRACE.WALKER629@GMAIL.COM,+1-887-712-8751,Austin,TX,2025-03-26,pro,31.0,2026-08-14,0
10630,Priya,Diaz,priya.diaz630@gmail.com,+1-394-262-4794,Miami,FL,2025-09-12,plus,41.0,2026-08-19,0
10631,Maya,Morgan,maya.morgan631@outlook.com,+1-667-963-1411,Phoenix,AZ,2026-01-06,plus,25.0,2026-08-18,0
10632,Leo,Foster,leo.foster632@yahoo.com,+1-549-417-8668,Austin,TX,2025-08-27,free,31.0,2026-08-21,0
10633,Grace,Shah,grace.shah633@yahoo.com,+1-437-990-6680,Dallas,TX,2025-08-24,plus,24.0,2026-08-29,0
10634,Ethan,Ortiz,ethan.ortiz634@gmail.com,+1-879-512-2425,Denver,CO,2025-07-31,free,33.0,2026-08-14,0
10635,Leila,Diaz,leila.diaz635@yahoo.com,+1-683-326-9888,Atlanta,GA,2025-12-17,free,36.0,2026-08-15,0
10636,Mateo,Cole,mateo.cole636@pulsecart-mail.com,,Dallas,TX,2025-05-28,free,24.0,2026-08-17,0
10637,Leo,Walker,leo.walker637@yahoo.com,+1-518-496-4911,Austin,TX,2025-06-08,pro,26.0,2026-08-29,0
10638,Ryan,Foster,ryan.foster638@yahoo.com,564-547-5886,Austin,TX,2025-11-07,free,32.0,2026-08-16,0
10639,Grace,Foster,grace.foster639@outlook.com,+1-923-431-5772,Chicago,IL,2026-02-03,free,36.0,2026-08-19,0
10640,Amara,Bennett,amara.bennett640@outlook.com,+1-294-299-2085,Chicago,IL,2025-01-01,free,56.0,2026-08-28,0
10641,Dev,Rao,dev.rao641@yahoo.com,+1-730-920-3133,Atlanta,GA,2025-12-27,pro,33.0,2026-08-18,0
10642,Kai,Morgan,kai.morgan642@gmail.com,+1-202-436-8664,Austin,TX,2025-08-31,pro,53.0,2026-08-26,0
10643,Ryan,Nguyen,ryan.nguyen643@outlook.com,+1-255-386-9897,Austin,TX,2025-11-21,free,41.0,2026-08-16,0
10644,Hannah,Chen,hannah.chen644@outlook.com,+1-362-205-9830,Chicago,IL,2025-05-25,free,32.0,2026-08-23,0
10645,Elena,Hughes,elena.hughes645@yahoo.com,+1-280-393-3364,Denver,CO,2025-01-01,free,25.0,2026-08-17,0
10646,Mateo,Patel,mateo.patel646@gmail.com,+1-711-699-2881,Dallas,TX,2025-09-07,free,45.0,2026-08-30,0
10647,Marcus,Morgan,marcus.morgan647@yahoo.com,+1-924-634-6685,Chicago,IL,2025-10-11,free,35.0,2026-08-22,0
10648,Fatima,Silva,fatima.silva648@gmail.com,+1-531-636-1044,Atlanta,GA,2025-03-28,free,31.0,2026-08-19,0
10649,Jonah,Kim,jonah.kim649@gmail.com,+1-633-749-3484,Seattle,WA,2025-04-24,free,36.0,2026-08-25,0
10650,Mia,Walker,mia.walker650@pulsecart-mail.com,+1-692-973-9686,Houston,TX,2025-03-22,free,23.0,2026-08-25,0
10651,Priya,Kim,priya.kim651@yahoo.com,+1-527-510-2026,Denver,CO,2025-08-23,plus,,2026-08-29,0
10652,Ava,Shah,ava.shah652@yahoo.com,+1-618-299-2499,Denver,CO,2025-03-27,free,20.0,2026-08-19,0
10653,Ava,Nguyen,ava.nguyen653@gmail.com,+1-284-445-3965,Houston,TX,2025-10-03,free,25.0,2026-08-19,0
10654,Mateo,Ortiz,mateo.ortiz654@gmail.com,+1-431-428-6325,Denver,CO,2025-06-29,plus,41.0,2026-08-26,0
10655,Zara,Diaz,zara.diaz655@gmail.com,+1-578-927-7880,Houston,TX,2026-01-09,free,18.0,2026-08-23,0
10656,Imani,Brooks,imanibrooks656 at gmail.com,+1-495-473-1997,Austin,TX,2025-06-02,free,24.0,2026-08-18,0
10657,Diego,Reyes,diego.reyes657@gmail.com,+1-560-360-9017,Dallas,TX,2025-04-21,plus,23.0,2026-08-29,0
10658,Leila,Nguyen,leila.nguyen658@gmail.com,+1-775-681-6081,Miami,FL,2025-01-16,plus,37.0,2026-08-26,0
10659,Nina,Foster,nina.foster659@pulsecart-mail.com,+1-208-659-7340,Houston,TX,2025-12-20,free,30.0,2026-08-14,0
10660,Chris,Walker,chris.walker660@gmail.com,+1-401-711-9378,Denver,CO,2025-11-18,free,48.0,2026-08-22,0
10661,Ryan,Khan,ryan.khan661@outlook.com,+1-365-846-5462,Denver,CO,2025-02-19,free,36.0,2026-08-15,0
10662,Leila,Khan,leila.khan662@yahoo.com,+1-406-617-6638,Houston,TX,2026-01-04,free,52.0,2026-08-26,0
10663,Fatima,Silva,fatima.silva663@gmail.com,+1-461-537-8389,Houston,TX,2025-11-12,free,32.0,2025-12-28,1
10664,Sara,Rao,sara.rao664@gmail.com,+1-893-455-1280,Atlanta,GA,2026-01-10,plus,34.0,2026-08-27,0
10665,Owen,Walker,owen.walker665@pulsecart-mail.com,+1-449-887-3977,Denver,CO,2025-06-14,free,40.0,2026-08-20,0
10666,Dev,Kim,DEV.KIM666@PULSECART-MAIL.COM,+1-836-508-8305,Chicago,IL,2025-04-28,plus,18.0,2026-08-21,0
10667,Sofia,Khan,sofia.khan667@gmail.com,868-987-7158,Chicago,IL,2025-11-24,pro,33.0,2026-08-14,0
10668,Sofia,Foster,sofia.foster668@gmail.com,+1-610-781-5001,Atlanta,GA,2025-01-24,plus,21.0,2026-08-27,0
10669,Grace,Iyer,grace.iyer669@gmail.com,+1-883-556-6168,Boston,MA,2025-11-12,free,50.0,2026-08-25,0
10670,Arjun,Rao,arjun.rao670@pulsecart-mail.com,+1-261-807-3357,Atlanta,GA,2025-04-18,free,38.0,2026-08-18,0
10671,Amara,Kim,amara.kim671@outlook.com,+1-993-718-6919,Phoenix,AZ,2025-10-27,plus,39.0,2026-03-15,1
10672,Nina,Diaz,nina.diaz672@gmail.com,+1-251-688-6716,Austin,TX,2025-02-04,free,26.0,2026-08-14,0
10673,Mia,Nguyen,mia.nguyen673@outlook.com,+1-503-272-2385,Dallas,TX,2025-08-17,free,28.0,2026-08-28,0
10674,Kai,Iyer,kai.iyer674@yahoo.com,+1-354-354-2887,Austin,TX,2025-06-10,plus,30.0,2026-08-29,0
10675,Amara,Patel,amara.patel675@yahoo.com,+1-857-317-2394,Phoenix,AZ,2025-06-03,free,25.0,2026-08-15,0
10676,Hannah,Walker,hannah.walker676@yahoo.com,+1-919-248-3700,Dallas,TX,2025-01-05,plus,29.0,2026-08-28,0
10677,Elena,Kim,elena.kim677@pulsecart-mail.com,+1-535-811-2550,Miami,FL,2025-02-08,plus,41.0,2026-08-18,0
10678,Fatima,Ali,fatima.ali678@yahoo.com,+1-270-711-8755,Chicago,IL,2025-02-10,free,23.0,2026-08-27,0
10679,Hannah,Ali,hannah.ali679@pulsecart-mail.com,+1-752-905-9883,Seattle,WA,2025-05-14,plus,30.0,2026-08-24,0
10680,Ryan,Walker,ryan.walker680@yahoo.com,+1-920-526-3084,Dallas,TX,2025-03-20,free,26.0,2026-08-15,0
10681,Diego,Patel,diego.patel681@outlook.com,+1-536-321-4640,Chicago,IL,2025-05-09,free,24.0,2026-08-25,0
10682,Maya,Foster,maya.foster682@yahoo.com,+1-594-257-6873,Seattle,WA,2025-05-10,free,,2026-08-18,0
10683,Nina,Chen,nina.chen683@pulsecart-mail.com,+1-838-640-1071,Denver,CO,2025-12-19,pro,30.0,2026-05-24,1
10684,Arjun,Ali,arjun.ali684@gmail.com,+1-970-719-8878,Atlanta,GA,2025-03-15,free,28.0,2026-08-20,0
10685,Noah,Reyes,noah.reyes685@gmail.com,+1-941-808-2657,Atlanta,GA,2025-10-07,pro,36.0,2026-08-20,0
10686,Ava,Iyer,ava.iyer686@gmail.com,+1-562-935-3549,Phoenix,AZ,2025-04-19,free,33.0,2026-08-27,0
10687,Anika,Brooks,anika.brooks687@pulsecart-mail.com,+1-777-930-3329,Boston,MA,2026-01-11,free,39.0,2026-08-25,0
10688,Noah,Khan,noah.khan688@gmail.com,+1-246-202-5114,Chicago,IL,2025-10-22,free,31.0,2026-08-15,0
10689,Hannah,Khan,hannah.khan689@gmail.com,,Phoenix,AZ,2025-07-15,free,32.0,2026-08-20,0
10690,Mia,Silva,mia.silva690@outlook.com,+1-676-975-7624,Atlanta,GA,2025-08-01,free,38.0,2026-08-30,0
10691,Noah,Reyes,noah.reyes691@yahoo.com,+1-718-633-3275,Houston,TX,2025-01-20,free,27.0,2026-08-22,0
10692,Anika,Reyes,anika.reyes692@outlook.com,+1-380-954-5913,Houston,TX,2025-06-07,pro,28.0,2025-08-14,1
10693,Mateo,Ali,mateo.ali693@yahoo.com,+1-425-414-2047,Dallas,TX,2025-11-27,free,51.0,2026-08-29,0
10694,Anika,Cole,anika.cole694@yahoo.com,+1-456-881-3749,Houston,TX,2025-06-02,free,31.0,2025-11-21,1
10695,Owen,Ali,owen.ali695@pulsecart-mail.com,+1-590-637-5157,Houston,TX,2026-01-19,plus,27.0,2026-08-30,0
10696,Marcus,Patel,marcus.patel696@yahoo.com,546-369-8521,Boston,MA,2025-11-17,free,39.0,2026-08-20,0
10697,Diego,Khan,diegokhan697 at gmail.com,+1-770-308-7396,Boston,MA,2025-12-16,plus,27.0,2026-08-22,0
10698,Liam,Reyes,liam.reyes698@pulsecart-mail.com,+1-608-272-1147,Denver,CO,2025-08-11,plus,25.0,2026-08-22,0
10699,Noah,Foster,noah.foster699@yahoo.com,+1-498-362-5446,Seattle,WA,2025-08-24,free,37.0,2026-08-16,0
10700,Owen,Hughes,owen.hughes700@yahoo.com,+1-605-308-5980,Denver,CO,2025-02-22,plus,30.0,2026-08-18,0
10701,Marcus,Shah,marcus.shah701@outlook.com,+1-513-743-5217,Austin,TX,2025-01-05,free,42.0,2025-08-02,1
10702,Amara,Reyes,amara.reyes702@yahoo.com,+1-246-807-6893,Seattle,WA,2025-06-18,plus,37.0,2026-08-23,0
10703,Kai,Cole,KAI.COLE703@GMAIL.COM,+1-295-941-3941,Houston,TX,2025-08-05,pro,23.0,2025-10-04,1
10704,Sara,Shah,sara.shah704@yahoo.com,+1-456-946-6970,Atlanta,GA,2025-08-24,pro,38.0,2026-08-24,0
10705,Leo,Bennett,leo.bennett705@gmail.com,+1-748-601-7526,Dallas,TX,2025-07-16,plus,31.0,2026-08-25,0
10706,Anika,Walker,anika.walker706@gmail.com,+1-454-916-3231,Austin,TX,2026-02-01,free,34.0,2026-08-30,0
10707,Diego,Shah,diego.shah707@pulsecart-mail.com,+1-464-658-1509,Chicago,IL,2025-09-26,pro,29.0,2026-02-11,1
10708,Hannah,Diaz,hannah.diaz708@outlook.com,+1-913-380-6734,Boston,MA,2025-12-23,free,41.0,2026-08-23,0
10709,Arjun,Khan,arjun.khan709@yahoo.com,+1-510-980-5389,Phoenix,AZ,2025-02-24,free,36.0,2025-05-11,1
10710,Imani,Shah,imani.shah710@gmail.com,+1-674-394-1400,Denver,CO,2025-10-13,free,48.0,2025-11-06,1
10711,Imani,Ortiz,imani.ortiz711@pulsecart-mail.com,+1-800-305-4650,Austin,TX,2025-04-22,plus,34.0,2026-08-25,0
10712,Maya,Nguyen,maya.nguyen712@pulsecart-mail.com,+1-486-321-7967,Austin,TX,2025-02-03,plus,32.0,2025-04-01,1
10713,Ethan,Cole,ethan.cole713@gmail.com,+1-844-937-3771,Houston,TX,2025-09-11,plus,,2026-08-20,0
10714,Sofia,Khan,sofia.khan714@yahoo.com,+1-416-411-8209,Austin,TX,2025-11-27,plus,23.0,2026-08-16,0
10715,Elena,Foster,elena.foster715@pulsecart-mail.com,+1-881-816-5362,Austin,TX,2025-01-19,free,44.0,2026-08-21,0
10716,Noah,Diaz,noah.diaz716@gmail.com,+1-423-950-2921,Austin,TX,2025-06-28,free,30.0,2026-08-19,0
10717,Mateo,Khan,mateo.khan717@gmail.com,+1-658-496-7347,Phoenix,AZ,2025-03-04,free,22.0,2026-08-18,0
10718,Mateo,Foster,mateo.foster718@gmail.com,+1-418-881-3441,Chicago,IL,2025-04-07,plus,39.0,2026-08-23,0
10719,Chris,Nguyen,chris.nguyen719@yahoo.com,+1-598-469-1048,Austin,TX,2025-03-25,plus,34.0,2026-08-16,0
10720,Maya,Ortiz,maya.ortiz720@yahoo.com,+1-606-350-8131,Houston,TX,2025-10-09,free,33.0,2026-04-13,1
10721,Fatima,Silva,fatima.silva721@gmail.com,+1-870-451-2495,Atlanta,GA,2025-12-24,plus,36.0,2026-08-20,0
10722,Diego,Cole,diego.cole722@outlook.com,+1-569-219-6344,Seattle,WA,2025-06-11,plus,26.0,2026-08-18,0
10723,Grace,Bennett,grace.bennett723@yahoo.com,+1-299-760-9471,Austin,TX,2025-06-27,free,28.0,2025-11-12,1
10724,Noah,Ali,noah.ali724@outlook.com,+1-913-704-4161,Seattle,WA,2026-02-04,pro,28.0,2026-08-16,0
10725,Diego,Chen,diego.chen725@pulsecart-mail.com,332-762-5053,Seattle,WA,2025-02-01,plus,28.0,2026-08-18,0
10726,Liam,Foster,liam.foster726@outlook.com,+1-478-652-4160,Atlanta,GA,2025-11-01,plus,45.0,2026-08-14,0
10727,Anika,Foster,anika.foster727@outlook.com,+1-620-688-4887,Phoenix,AZ,2025-07-27,free,18.0,2026-08-22,0
10728,Kai,Foster,kai.foster728@outlook.com,+1-805-527-1344,Atlanta,GA,2025-01-31,free,40.0,2026-08-16,0
10729,Ryan,Rao,ryan.rao729@pulsecart-mail.com,+1-814-957-6587,Atlanta,GA,2025-07-22,pro,35.0,2025-10-27,1
10730,Sara,Hughes,sara.hughes730@gmail.com,+1-320-405-9827,Houston,TX,2025-06-26,free,29.0,2026-08-25,0
10731,Anika,Khan,anika.khan731@pulsecart-mail.com,+1-207-424-7132,Chicago,IL,2025-06-05,free,41.0,2026-08-21,0
10732,Nina,Reyes,nina.reyes732@yahoo.com,+1-392-544-1459,Atlanta,GA,2025-10-21,free,26.0,2026-01-09,1
10733,Arjun,Shah,arjun.shah733@outlook.com,+1-821-553-4965,Houston,TX,2025-06-11,free,27.0,2025-08-31,1
10734,Marcus,Silva,marcus.silva734@outlook.com,+1-911-582-1945,Miami,FL,2025-04-05,free,36.0,2026-08-29,0
10735,Diego,Hughes,diego.hughes735@outlook.com,+1-569-989-8500,Phoenix,AZ,2025-12-20,pro,29.0,2026-08-15,0
10736,Maya,Iyer,maya.iyer736@outlook.com,+1-821-416-1733,Atlanta,GA,2025-01-14,pro,34.0,2026-08-15,0
10737,Amara,Bennett,amara.bennett737@pulsecart-mail.com,+1-935-904-3156,Boston,MA,2025-05-29,plus,42.0,2026-08-23,0
10738,Fatima,Shah,fatimashah738 at gmail.com,+1-675-896-7788,Austin,TX,2025-01-26,free,40.0,2026-08-28,0
10739,Amara,Cole,amara.cole739@outlook.com,+1-502-778-6391,Houston,TX,2025-11-09,plus,19.0,2025-12-04,1
10740,Imani,Foster,IMANI.FOSTER740@OUTLOOK.COM,+1-741-783-9462,Houston,TX,2025-10-04,free,38.0,2026-02-07,1
10741,Sofia,Reyes,sofia.reyes741@pulsecart-mail.com,+1-873-351-9590,Houston,TX,2025-05-18,plus,41.0,2026-08-29,0
10742,Anika,Nguyen,anika.nguyen742@outlook.com,,Houston,TX,2026-01-19,free,34.0,2026-02-15,1
10743,Priya,Bennett,priya.bennett743@yahoo.com,+1-714-200-5384,Dallas,TX,2025-02-08,free,33.0,2026-08-23,0
10744,Marcus,Nguyen,marcus.nguyen744@pulsecart-mail.com,+1-872-502-8408,Seattle,WA,2025-08-27,plus,,2026-08-27,0
10745,Maya,Shah,maya.shah745@gmail.com,+1-238-389-7785,Houston,TX,2025-09-24,free,23.0,2025-12-27,1
10746,Dev,Chen,dev.chen746@pulsecart-mail.com,+1-721-944-6909,Austin,TX,2025-05-09,plus,43.0,2026-08-19,0
10747,Sara,Iyer,sara.iyer747@pulsecart-mail.com,+1-905-434-1992,Dallas,TX,2025-07-19,plus,30.0,2026-08-24,0
10748,Priya,Ortiz,priya.ortiz748@pulsecart-mail.com,+1-306-237-9540,Austin,TX,2025-11-27,free,47.0,2026-08-29,0
10749,Zara,Cole,zara.cole749@outlook.com,+1-914-281-4805,Houston,TX,2026-01-21,free,39.0,2026-08-28,0
10750,Marcus,Walker,marcus.walker750@pulsecart-mail.com,+1-446-727-2592,Miami,FL,2026-01-31,plus,33.0,2026-08-14,0
10751,Sara,Brooks,sara.brooks751@outlook.com,+1-454-910-1102,Phoenix,AZ,2025-08-24,free,33.0,2026-02-07,1
10752,Kai,Chen,kai.chen752@outlook.com,+1-899-580-5960,Austin,TX,2026-01-17,free,40.0,2026-08-24,0
10753,Dev,Walker,dev.walker753@yahoo.com,+1-304-654-3613,Denver,CO,2025-08-02,free,18.0,2026-08-27,0
10754,Dev,Bennett,dev.bennett754@gmail.com,857-753-4789,Dallas,TX,2025-07-14,plus,33.0,2026-08-27,0
10755,Ethan,Ali,ethan.ali755@gmail.com,+1-470-333-2021,Austin,TX,2025-07-28,free,23.0,2026-08-20,0
10756,Arjun,Brooks,arjun.brooks756@gmail.com,+1-682-459-3265,Atlanta,GA,2025-06-14,plus,40.0,2026-08-21,0
10757,Noah,Ali,noah.ali757@gmail.com,+1-852-739-2266,Atlanta,GA,2025-02-14,free,39.0,2026-08-25,0
10758,Priya,Silva,priya.silva758@pulsecart-mail.com,+1-680-979-3453,Miami,FL,2025-10-19,free,31.0,2026-08-21,0
10759,Sofia,Cole,sofia.cole759@pulsecart-mail.com,+1-700-542-5670,Houston,TX,2026-01-30,plus,29.0,2026-08-23,0
10760,Ava,Khan,ava.khan760@outlook.com,+1-570-763-7374,Seattle,WA,2025-01-02,free,22.0,2026-08-17,0
10761,Hannah,Nguyen,hannah.nguyen761@outlook.com,+1-655-555-8683,Atlanta,GA,2025-11-18,plus,22.0,2026-01-06,1
10762,Amara,Cole,amara.cole762@outlook.com,+1-590-491-5833,Houston,TX,2025-06-24,free,34.0,2025-09-26,1
10763,Owen,Chen,owen.chen763@gmail.com,+1-767-560-9082,Houston,TX,2025-01-27,pro,31.0,2026-08-23,0
10764,Dev,Rao,dev.rao764@outlook.com,+1-677-822-4119,Seattle,WA,2026-01-09,plus,22.0,2026-08-17,0
10765,Grace,Patel,grace.patel765@gmail.com,+1-274-666-6528,Austin,TX,2025-01-03,plus,19.0,2026-08-30,0
10766,Ava,Khan,ava.khan766@outlook.com,+1-741-697-7447,Chicago,IL,2025-11-26,plus,28.0,2026-08-18,0
10767,Hannah,Patel,hannah.patel767@outlook.com,+1-328-550-2649,Dallas,TX,2025-04-21,free,33.0,2026-08-17,0
10768,Dev,Ortiz,dev.ortiz768@yahoo.com,+1-706-814-9407,Houston,TX,2025-02-28,plus,30.0,2026-08-29,0
10769,Hannah,Khan,hannah.khan769@pulsecart-mail.com,+1-679-249-6240,Houston,TX,2025-03-31,pro,26.0,2026-08-17,0
10770,Amara,Walker,amara.walker770@pulsecart-mail.com,+1-400-997-2233,Miami,FL,2025-11-12,free,36.0,2026-08-20,0
10771,Zara,Cole,zara.cole771@yahoo.com,+1-735-362-7764,Miami,FL,2025-04-14,pro,35.0,2026-08-22,0
10772,Marcus,Iyer,marcus.iyer772@gmail.com,+1-504-479-7134,Miami,FL,2025-04-19,free,30.0,2026-08-30,0
10773,Liam,Diaz,liam.diaz773@yahoo.com,+1-866-722-3463,Atlanta,GA,2025-04-20,free,30.0,2026-08-28,0
10774,Leila,Ortiz,leila.ortiz774@gmail.com,+1-937-335-6028,Boston,MA,2025-03-28,plus,24.0,2026-08-17,0
10775,Ryan,Silva,ryan.silva775@yahoo.com,+1-321-671-1532,Houston,TX,2025-09-09,free,,2026-03-24,1
10776,Maya,Shah,maya.shah776@outlook.com,+1-298-634-7661,Houston,TX,2025-02-25,plus,23.0,2026-08-26,0
10777,Nina,Patel,NINA.PATEL777@YAHOO.COM,+1-929-544-2801,Houston,TX,2025-07-07,free,33.0,2025-09-16,1
10778,Priya,Kim,priya.kim778@yahoo.com,+1-823-419-5156,Phoenix,AZ,2025-12-09,free,37.0,2026-08-30,0
10779,Chris,Brooks,chrisbrooks779 at gmail.com,+1-238-371-3882,Phoenix,AZ,2025-03-17,free,25.0,2026-08-20,0
10780,Leila,Diaz,leila.diaz780@outlook.com,+1-541-785-6191,Dallas,TX,2025-02-22,pro,18.0,2026-08-27,0
10781,Nina,Morgan,nina.morgan781@gmail.com,+1-261-464-8403,Chicago,IL,2025-10-31,pro,49.0,2026-08-18,0
10782,Noah,Silva,noah.silva782@gmail.com,+1-373-359-1848,Austin,TX,2025-12-15,plus,36.0,2026-04-01,1
10783,Priya,Kim,priya.kim783@outlook.com,381-640-7522,Houston,TX,2025-10-30,plus,40.0,2026-08-28,0
10784,Nina,Hughes,nina.hughes784@pulsecart-mail.com,+1-837-962-9031,Atlanta,GA,2025-02-10,free,33.0,2026-08-21,0
10785,Mia,Walker,mia.walker785@pulsecart-mail.com,+1-520-481-9609,Dallas,TX,2025-08-06,free,38.0,2025-09-07,1
10786,Nina,Foster,nina.foster786@outlook.com,+1-431-554-4931,Denver,CO,2025-05-07,plus,29.0,2026-08-30,0
10787,Hannah,Iyer,hannah.iyer787@gmail.com,+1-579-225-1477,Miami,FL,2025-09-15,plus,31.0,2026-08-28,0
10788,Zara,Brooks,zara.brooks788@outlook.com,+1-449-562-9204,Seattle,WA,2025-01-24,plus,18.0,2026-08-20,0
10789,Leo,Rao,leo.rao789@yahoo.com,+1-873-556-9381,Houston,TX,2025-05-04,plus,32.0,2025-09-18,1
10790,Mia,Patel,mia.patel790@yahoo.com,+1-537-588-2867,Miami,FL,2025-11-09,plus,32.0,2026-08-30,0
10791,Grace,Brooks,grace.brooks791@gmail.com,+1-833-786-5823,Dallas,TX,2025-10-08,plus,34.0,2026-08-15,0
10792,Chris,Silva,chris.silva792@pulsecart-mail.com,+1-345-659-2583,Atlanta,GA,2025-05-28,free,41.0,2026-08-19,0
10793,Dev,Kim,dev.kim793@pulsecart-mail.com,+1-624-806-3415,Houston,TX,2025-07-06,free,34.0,2026-08-29,0
10794,Maya,Kim,maya.kim794@gmail.com,+1-309-678-8449,Austin,TX,2025-10-11,free,31.0,2026-08-23,0
10795,Chris,Ali,chris.ali795@outlook.com,,Atlanta,GA,2025-07-14,free,34.0,2026-08-15,0
10796,Ava,Morgan,ava.morgan796@gmail.com,+1-709-658-3061,Seattle,WA,2025-05-02,pro,18.0,2026-08-17,0
10797,Chris,Chen,chris.chen797@outlook.com,+1-316-363-5212,Austin,TX,2025-07-02,plus,36.0,2026-08-20,0
10798,Owen,Bennett,owen.bennett798@yahoo.com,+1-793-461-6854,Phoenix,AZ,2025-06-24,plus,40.0,2026-08-28,0
10799,Sara,Hughes,sara.hughes799@gmail.com,+1-320-441-5202,Miami,FL,2026-01-27,free,31.0,2026-08-15,0
10800,Hannah,Silva,hannah.silva800@gmail.com,+1-976-787-8272,Houston,TX,2025-07-24,free,32.0,2026-08-17,0
10801,Grace,Walker,grace.walker801@gmail.com,+1-598-467-4259,Houston,TX,2025-05-07,pro,36.0,2026-08-23,0
10802,Ryan,Morgan,ryan.morgan802@gmail.com,+1-543-959-4429,Dallas,TX,2025-12-23,free,42.0,2026-02-28,1
10803,Dev,Hughes,dev.hughes803@pulsecart-mail.com,+1-638-481-8624,Houston,TX,2025-12-11,free,25.0,2026-06-18,1
10804,Imani,Diaz,imani.diaz804@yahoo.com,+1-259-752-7820,Dallas,TX,2025-10-16,plus,42.0,2026-08-19,0
10805,Amara,Morgan,amara.morgan805@pulsecart-mail.com,+1-435-915-9657,Atlanta,GA,2025-01-18,plus,32.0,2026-08-18,0
10806,Ethan,Brooks,ethan.brooks806@pulsecart-mail.com,+1-380-340-8754,Atlanta,GA,2025-10-19,plus,,2026-08-27,0
10807,Ryan,Cole,ryan.cole807@outlook.com,+1-515-321-8103,Houston,TX,2025-05-29,free,37.0,2026-08-20,0
10808,Grace,Shah,grace.shah808@pulsecart-mail.com,+1-780-505-3220,Dallas,TX,2025-09-06,free,31.0,2026-08-21,0
10809,Fatima,Ortiz,fatima.ortiz809@yahoo.com,+1-237-589-7145,Austin,TX,2025-03-08,free,31.0,2026-08-23,0
10810,Liam,Brooks,liam.brooks810@yahoo.com,+1-828-896-7935,Chicago,IL,2025-01-12,free,39.0,2026-08-14,0
10811,Arjun,Foster,arjun.foster811@gmail.com,+1-505-346-7237,Austin,TX,2025-07-23,free,36.0,2026-08-15,0
10812,Kai,Silva,kai.silva812@yahoo.com,854-514-3494,Boston,MA,2025-07-23,plus,33.0,2026-08-21,0
10813,Liam,Walker,liam.walker813@gmail.com,+1-546-873-3610,Dallas,TX,2026-01-15,free,51.0,2026-08-19,0
10814,Kai,Iyer,KAI.IYER814@OUTLOOK.COM,+1-469-886-6598,Austin,TX,2025-10-31,free,34.0,2026-08-25,0
10815,Ryan,Rao,ryan.rao815@yahoo.com,+1-402-620-1267,Dallas,TX,2025-06-16,free,37.0,2026-08-30,0
10816,Hannah,Morgan,hannah.morgan816@yahoo.com,+1-659-505-5603,Denver,CO,2025-01-13,free,50.0,2026-08-23,0
10817,Hannah,Ali,hannah.ali817@gmail.com,+1-499-350-3085,Dallas,TX,2025-12-27,free,36.0,2026-08-16,0
10818,Jonah,Khan,jonah.khan818@outlook.com,+1-982-948-4894,Dallas,TX,2025-05-21,free,27.0,2026-08-21,0
10819,Elena,Khan,elena.khan819@yahoo.com,+1-549-822-8672,Houston,TX,2026-02-01,free,38.0,2026-06-30,1
10820,Chris,Foster,chrisfoster820 at gmail.com,+1-399-225-5192,Chicago,IL,2025-07-11,free,39.0,2026-08-29,0
10821,Ethan,Reyes,ethan.reyes821@yahoo.com,+1-666-954-2355,Houston,TX,2025-05-02,plus,23.0,2025-11-18,1
10822,Leila,Bennett,leila.bennett822@pulsecart-mail.com,+1-272-513-5254,Dallas,TX,2026-02-02,plus,33.0,2026-08-16,0
10823,Leo,Brooks,leo.brooks823@pulsecart-mail.com,+1-371-279-3697,Houston,TX,2025-09-06,free,29.0,2026-01-10,1
10824,Imani,Walker,imani.walker824@gmail.com,+1-218-267-3458,Houston,TX,2025-07-24,plus,23.0,2026-08-21,0
10825,Nina,Khan,nina.khan825@pulsecart-mail.com,+1-834-462-2084,Boston,MA,2025-04-01,plus,26.0,2025-10-19,1
10826,Hannah,Silva,hannah.silva826@outlook.com,+1-385-677-6235,Atlanta,GA,2025-08-20,free,34.0,2026-08-22,0
10827,Diego,Foster,diego.foster827@gmail.com,+1-784-671-1605,Miami,FL,2025-02-07,plus,30.0,2026-08-21,0
10828,Elena,Shah,elena.shah828@gmail.com,+1-217-344-1496,Atlanta,GA,2025-06-19,free,58.0,2026-08-23,0
10829,Mia,Patel,mia.patel829@yahoo.com,+1-741-604-4487,Phoenix,AZ,2025-12-03,pro,25.0,2026-08-19,0
10830,Ava,Reyes,ava.reyes830@yahoo.com,+1-923-900-2458,Atlanta,GA,2025-01-08,plus,25.0,2026-08-19,0
10831,Mateo,Ortiz,mateo.ortiz831@outlook.com,+1-275-381-2978,Dallas,TX,2025-05-29,pro,18.0,2026-08-16,0
10832,Ava,Hughes,ava.hughes832@pulsecart-mail.com,+1-930-236-1183,Denver,CO,2025-12-17,pro,30.0,2026-08-21,0
10833,Nina,Diaz,nina.diaz833@pulsecart-mail.com,+1-585-932-2873,Miami,FL,2025-09-12,free,30.0,2026-03-14,1
10834,Fatima,Cole,fatima.cole834@pulsecart-mail.com,+1-474-893-9027,Dallas,TX,2025-08-30,free,26.0,2026-08-19,0
10835,Sofia,Chen,sofia.chen835@yahoo.com,+1-610-943-9768,Seattle,WA,2025-03-17,pro,45.0,2026-08-21,0
10836,Dev,Hughes,dev.hughes836@yahoo.com,+1-839-280-4406,Denver,CO,2025-07-29,pro,48.0,2026-08-20,0
10837,Priya,Chen,priya.chen837@outlook.com,+1-730-720-6173,Seattle,WA,2025-08-20,plus,,2026-08-23,0
10838,Marcus,Kim,marcus.kim838@outlook.com,+1-332-422-8822,Houston,TX,2026-01-22,free,24.0,2026-08-29,0
10839,Fatima,Diaz,fatima.diaz839@pulsecart-mail.com,+1-707-280-5025,Austin,TX,2025-06-23,free,25.0,2026-08-30,0
10840,Leila,Walker,leila.walker840@gmail.com,+1-918-498-9918,Austin,TX,2025-02-19,plus,18.0,2026-08-28,0
10841,Diego,Ortiz,diego.ortiz841@outlook.com,906-401-5639,Houston,TX,2025-06-10,plus,25.0,2026-08-15,0
10842,Diego,Ortiz,diego.ortiz842@outlook.com,+1-347-251-7475,Miami,FL,2025-07-30,pro,41.0,2026-08-25,0
10843,Maya,Bennett,maya.bennett843@pulsecart-mail.com,+1-728-738-8733,Houston,TX,2026-01-04,pro,26.0,2026-08-20,0
10844,Kai,Ortiz,kai.ortiz844@gmail.com,+1-250-319-7349,Atlanta,GA,2025-04-10,plus,18.0,2026-08-25,0
10845,Marcus,Shah,marcus.shah845@pulsecart-mail.com,+1-378-461-1966,Austin,TX,2025-09-14,free,39.0,2026-08-17,0
10846,Chris,Kim,chris.kim846@outlook.com,+1-741-381-9185,Chicago,IL,2025-11-04,free,45.0,2026-08-16,0
10847,Owen,Rao,owen.rao847@pulsecart-mail.com,+1-863-553-1650,Houston,TX,2025-03-04,plus,23.0,2026-08-30,0
10848,Elena,Shah,elena.shah848@gmail.com,,Chicago,IL,2025-08-19,pro,30.0,2026-08-28,0
10849,Arjun,Brooks,arjun.brooks849@yahoo.com,+1-289-369-5588,Dallas,TX,2025-03-19,plus,28.0,2025-07-30,1
10850,Noah,Ortiz,noah.ortiz850@yahoo.com,+1-335-991-8538,Houston,TX,2025-09-27,free,28.0,2026-04-28,1
20001,diego,Foster,diego.foster827@gmail.com,+1-784-671-1605,Miami,FL,2025-02-07,plus,30.0,2026-08-21,0
20002,arjun,Ali,arjun.ali684@gmail.com,+1-970-719-8878,Atlanta,GA,2025-03-15,free,28.0,2026-08-20,0
20003,nina,Morgan,nina.morgan307@outlook.com,+1-757-606-9032,Phoenix,AZ,2025-02-08,plus,33.0,2026-08-17,0
20004,sara,Ortiz,sara.ortiz265@yahoo.com,,Chicago,IL,2025-08-09,free,18.0,2025-09-16,1
20005,ryan,Nguyen,ryan.nguyen643@outlook.com,+1-255-386-9897,Austin,TX,2025-11-21,free,41.0,2026-08-16,0
20006,sara,Silva,sara.silva388@yahoo.com,+1-947-514-7093,Houston,TX,2025-03-18,pro,29.0,2026-08-28,0
20007,leo,Rao,leo.rao325@yahoo.com,+1-622-886-2430,Atlanta,GA,2025-08-04,plus,18.0,2026-08-24,0
20008,sara,Bennett,sara.bennett170@gmail.com,+1-705-856-3422,Dallas,TX,2025-07-20,plus,36.0,2025-11-25,1
20009,zara,Patel,zara.patel199@pulsecart-mail.com,+1-317-620-1369,Atlanta,GA,2025-02-22,free,46.0,2026-08-30,0
20010,grace,Reyes,grace.reyes580@outlook.com,384-437-3845,Chicago,IL,2026-01-18,plus,20.0,2026-08-24,0
20011,amara,Nguyen,amara.nguyen136@pulsecart-mail.com,+1-462-298-2104,Seattle,WA,2025-04-13,plus,36.0,2026-08-20,0
20012,priya,Reyes,priya.reyes415@gmail.com,+1-535-641-4814,Atlanta,GA,2025-12-31,free,18.0,2026-08-18,0
